,이름,연식,주행거리,연료,배기량,색상,옵션_선루프,옵션_파노라마선루프,옵션_열선앞,옵션_열선뒤,옵션_전방센서,옵션_후방센서,옵션_전방캠,옵션_후방캠,옵션_어라운드뷰,옵션_네비순정,보험이력등록,소유자변경횟수,사고상세_전손,사고상세_침수전손,사고상세_침수분손,사고상세_도난,보험_내차피해(횟수),보험_내차피해(가격),사고상세_타차가해(횟수),보험_타차피해(가격),가격,신차대비가격,링크
0,현대 그랜저HG 300,201306,180900,2,2999,0,0,0,1,1,1,1,0,1,0,1,1,4,0,0,0,0,3,1981920,0,0,8200000,25,https://www.bobaedream.co.kr/mycar/mycar_view.php?no=2161935&gubun=K
1,현대 그랜저 뉴,200908,265753,1,2656,0,0,0,1,1,0,1,0,1,0,0,1,0,0,0,0,0,4,3274363,6,2834910,3990000,15,https://www.bobaedream.co.kr/mycar/mycar_view.php?no=2161119&gubun=K
3,현대 그랜저HG 300,201202,111306,2,2999,0,1,1,1,1,1,1,0,1,0,1,1,5,0,0,0,0,2,5660104,1,3830176,7490000,19,https://www.bobaedream.co.kr/mycar/mycar_view.php?no=2161923&gubun=K
4,현대 그랜저HG 300,201302,102801,2,2999,0,0,0,1,1,0,1,0,0,0,1,1,4,0,0,0,0,7,11149558,3,8119080,9900000,30,https://www.bobaedream.co.kr/mycar/mycar_view.php?no=2162103&gubun=K
5,현대 그랜저HG 240,201303,76579,2,2359,0,0,0,1,1,1,1,0,1,0,0,1,1,0,0,0,0,5,8925726,6,4576700,10500000,35,https://www.bobaedream.co.kr/mycar/mycar_view.php?no=2162053&gubun=K
6,현대 그랜저HG 240,201605,76890,2,2359,1,0,0,1,1,1,1,0,1,0,1,1,4,0,0,0,0,2,1227525,2,2336609,13300000,43,https://www.bobaedream.co.kr/mycar/mycar_view.php?no=2162171&gubun=K
8,현대 그랜저HG 300,201305,82342,2,2999,0,0,0,1,1,0,1,0,1,0,0,1,3,0,0,0,0,1,336408,1,1055570,10500000,32,https://www.bobaedream.co.kr/mycar/mycar_view.php?no=2162813&gubun=K
9,현대 그랜저HG 240,201301,82672,2,2359,1,0,1,1,0,1,1,0,1,0,1,1,2,0,0,0,0,4,7614774,1,4679400,11500000,38,https://www.bobaedream.co.kr/mycar/mycar_view.php?no=2162884&gubun=K
10,현대 그랜저IG 3.0,201903,17856,2,2999,4,0,0,1,1,1,1,1,1,1,1,1,0,0,0,0,0,1,12082770,2,8686880,21490000,55,https://www.bobaedream.co.kr/mycar/mycar_view.php?no=2163149&gubun=K
18,현대 그랜저IG 2.4,201801,94976,2,2359,0,1,1,1,1,1,1,0,1,0,1,1,1,0,0,0,0,0,0,0,0,21500000,66,https://www.bobaedream.co.kr/mycar/mycar_view.php?no=2153763&gubun=K
19,현대 그랜저HG 300,201311,33747,2,2999,0,0,0,1,1,1,1,0,1,0,1,1,2,0,0,0,0,1,286980,1,464400,15500000,47,https://www.bobaedream.co.kr/mycar/mycar_view.php?no=2163327&gubun=K
20,현대 그랜저HG 300,201306,180900,2,2999,0,0,0,1,1,1,1,0,1,0,1,1,4,0,0,0,0,3,1981920,0,0,8200000,25,https://www.bobaedream.co.kr/mycar/mycar_view.php?no=2161935&gubun=K
21,현대 그랜저 뉴,200908,265753,1,2656,0,0,0,1,1,0,1,0,1,0,0,1,0,0,0,0,0,4,3274363,6,2834910,3990000,15,https://www.bobaedream.co.kr/mycar/mycar_view.php?no=2161119&gubun=K
23,현대 그랜저HG 300,201202,111306,2,2999,0,1,1,1,1,1,1,0,1,0,1,1,5,0,0,0,0,2,5660104,1,3830176,7490000,19,https://www.bobaedream.co.kr/mycar/mycar_view.php?no=2161923&gubun=K
24,현대 그랜저HG 300,201302,102801,2,2999,0,0,0,1,1,0,1,0,0,0,1,1,4,0,0,0,0,7,11149558,3,8119080,9900000,30,https://www.bobaedream.co.kr/mycar/mycar_view.php?no=2162103&gubun=K
25,현대 그랜저HG 240,201303,76579,2,2359,0,0,0,1,1,1,1,0,1,0,0,1,1,0,0,0,0,5,8925726,6,4576700,10500000,35,https://www.bobaedream.co.kr/mycar/mycar_view.php?no=2162053&gubun=K
26,현대 그랜저HG 240,201605,76890,2,2359,1,0,0,1,1,1,1,0,1,0,1,1,4,0,0,0,0,2,1227525,2,2336609,13300000,43,https://www.bobaedream.co.kr/mycar/mycar_view.php?no=2162171&gubun=K
28,현대 그랜저HG 300,201305,82342,2,2999,0,0,0,1,1,0,1,0,1,0,0,1,3,0,0,0,0,1,336408,1,1055570,10500000,32,https://www.bobaedream.co.kr/mycar/mycar_view.php?no=2162813&gubun=K
29,현대 그랜저HG 240,201301,82672,2,2359,1,0,1,1,0,1,1,0,1,0,1,1,2,0,0,0,0,4,7614774,1,4679400,11500000,38,https://www.bobaedream.co.kr/mycar/mycar_view.php?no=2162884&gubun=K
30,현대 그랜저IG 3.0,201903,17856,2,2999,4,0,0,1,1,1,1,1,1,1,1,1,0,0,0,0,0,1,12082770,2,8686880,21490000,55,https://www.bobaedream.co.kr/mycar/mycar_view.php?no=2163149&gubun=K
38,현대 그랜저IG 2.4,201801,94976,2,2359,0,1,1,1,1,1,1,0,1,0,1,1,1,0,0,0,0,0,0,0,0,21500000,66,https://www.bobaedream.co.kr/mycar/mycar_view.php?no=2153763&gubun=K
39,현대 그랜저HG 300,201311,33747,2,2999,0,0,0,1,1,1,1,0,1,0,1,1,2,0,0,0,0,1,286980,1,464400,15500000,47,https://www.bobaedream.co.kr/mycar/mycar_view.php?no=2163327&gubun=K
40,현대 더 뉴,201912,29382,2,2497,0,0,0,1,1,1,1,0,1,1,1,1,1,0,0,0,0,1,546717,0,0,32900000,89,https://www.bobaedream.co.kr/mycar/mycar_view.php?no=2163111&gubun=K
51,현대 그랜저 뉴,200807,179912,2,2656,0,0,0,0,0,0,1,0,0,0,0,1,1,0,0,0,0,10,10642824,3,2801664,2700000,8,https://www.bobaedream.co.kr/mycar/mycar_view.php?no=2161789&gubun=K
52,현대 그랜저 뉴,200803,105458,2,2656,0,0,0,0,0,0,1,0,0,0,0,1,1,0,0,0,0,7,6688210,7,4019755,2990000,9,https://www.bobaedream.co.kr/mycar/mycar_view.php?no=2161790&gubun=K
54,현대 그랜저HG 300,201103,185985,2,2999,0,0,0,0,1,0,0,0,0,0,0,1,3,0,0,0,0,7,8535641,4,5912111,5500000,16,https://www.bobaedream.co.kr/mycar/mycar_view.php?no=2162749&gubun=K
56,현대 그랜저 뉴,200906,158682,2,2656,0,0,0,0,0,0,0,0,0,0,0,1,4,0,0,0,0,3,1592356,2,3911568,3200000,10,https://www.bobaedream.co.kr/mycar/mycar_view.php?no=2163365&gubun=K
59,현대 그랜저IG 3.0,201807,52829,2,2999,2,0,0,1,1,1,1,1,1,1,1,1,2,0,0,0,0,0,0,0,0,27700000,71,https://www.bobaedream.co.kr/mycar/mycar_view.php?no=2153188&gubun=K
61,현대 그랜저IG 3.0,201707,56247,1,2999,1,1,1,1,1,1,1,0,1,0,1,1,1,0,0,0,0,0,0,0,0,22300000,77,https://www.bobaedream.co.kr/mycar/mycar_view.php?no=2158960&gubun=K
63,현대 더 뉴,202101,19910,2,3342,4,1,1,0,0,0,0,0,0,0,0,1,2,0,0,0,0,0,0,0,0,36890000,84,https://www.bobaedream.co.kr/mycar/mycar_view.php?no=2161417&gubun=K
72,현대 더 뉴,202005,18500,2,2497,0,0,0,1,1,1,1,1,1,1,1,1,0,0,0,0,0,0,0,0,0,37300000,90,https://www.bobaedream.co.kr/mycar/mycar_view.php?no=2160753&gubun=K
73,현대 더 럭셔리,200910,117484,2,2656,3,0,0,1,0,0,1,0,1,0,1,1,3,0,0,0,0,7,7716744,3,8930820,4600000,13,https://www.bobaedream.co.kr/mycar/mycar_view.php?no=2162384&gubun=K
75,현대 그랜저IG 2.4,201805,71263,2,2359,5,1,1,1,1,1,1,0,1,0,1,1,1,0,0,0,0,4,6082166,4,3050194,20600000,63,https://www.bobaedream.co.kr/mycar/mycar_view.php?no=2162928&gubun=K
83,현대 그랜저IG 2.4,201711,69999,2,2359,0,0,0,1,1,1,1,1,1,1,1,1,0,0,0,0,0,1,12323160,0,0,17900000,49,https://www.bobaedream.co.kr/mycar/mycar_view.php?no=2160919&gubun=K
84,현대 더 뉴,202008,24000,2,2497,1,0,0,1,1,1,1,1,1,1,1,1,1,0,0,0,0,0,0,0,0,31500000,93,https://www.bobaedream.co.kr/mycar/mycar_view.php?no=2160954&gubun=K
85,현대 더 뉴,202003,29999,2,2497,0,0,0,1,1,1,1,0,1,0,1,1,2,0,0,0,0,0,0,0,0,30990000,92,https://www.bobaedream.co.kr/mycar/mycar_view.php?no=2161438&gubun=K
86,현대 그랜저IG 2.4,201807,95000,2,2359,0,0,0,1,1,1,1,0,1,0,1,1,1,0,0,0,0,3,1891946,0,0,16800000,53,https://www.bobaedream.co.kr/mycar/mycar_view.php?no=2163040&gubun=K
87,현대 그랜저IG 3.0,201703,81000,2,2999,0,0,0,1,1,1,1,1,1,0,1,1,1,0,0,0,0,1,0,2,2396162,17900000,50,https://www.bobaedream.co.kr/mycar/mycar_view.php?no=2163042&gubun=K
88,현대 그랜저HG 300,201103,137000,2,2999,0,0,0,1,1,1,1,1,1,0,1,1,4,0,0,0,0,12,12598961,12,8252088,6500000,19,https://www.bobaedream.co.kr/mycar/mycar_view.php?no=2163039&gubun=K
89,현대 그랜저IG 2.4,201710,53000,2,2359,0,0,0,1,1,1,1,0,1,0,1,1,1,0,0,0,0,0,0,2,11563000,17800000,57,https://www.bobaedream.co.kr/mycar/mycar_view.php?no=2163041&gubun=K
91,현대 그랜저IG 2.4,201701,112000,2,2359,1,1,1,1,1,1,1,0,1,0,1,1,3,0,0,0,0,3,2602949,3,1778290,18000000,56,https://www.bobaedream.co.kr/mycar/mycar_view.php?no=2154394&gubun=K
92,현대 그랜저IG 3.0,201811,57354,1,2999,0,1,1,1,1,1,1,0,1,0,1,1,1,0,0,0,0,0,0,0,0,23000000,79,https://www.bobaedream.co.kr/mycar/mycar_view.php?no=2156666&gubun=K
93,현대 그랜저IG 2.4,201808,47529,2,2359,0,0,0,1,1,1,1,0,1,0,1,1,1,0,0,0,0,1,346738,0,0,23600000,69,https://www.bobaedream.co.kr/mycar/mycar_view.php?no=2160873&gubun=K
95,현대 더 뉴,202007,6962,2,2497,1,0,0,0,0,0,0,0,0,0,1,1,1,0,0,0,0,0,0,0,0,35900000,97,https://www.bobaedream.co.kr/mycar/mycar_view.php?no=2162731&gubun=K
96,현대 그랜저HG ,201301,106973,2,2359,1,0,1,1,1,1,1,0,1,0,1,1,6,0,0,0,0,0,0,0,0,6000000,20,https://www.bobaedream.co.kr/mycar/mycar_view.php?no=2059664&gubun=K
97,현대 그랜저HG 300,201205,82676,2,2999,1,0,1,1,1,1,1,0,1,0,1,1,4,0,0,0,0,1,856160,1,684920,10800000,30,https://www.bobaedream.co.kr/mycar/mycar_view.php?no=2160022&gubun=K
98,현대 그랜저HG 240,201202,125337,2,2359,0,0,0,1,1,1,1,0,1,0,0,1,4,1,0,0,0,7,27812779,5,10372790,4500000,15,https://www.bobaedream.co.kr/mycar/mycar_view.php?no=2156378&gubun=K
100,현대 그랜저HG 300,201106,158350,2,2999,1,0,1,1,1,1,1,0,1,0,1,1,1,0,0,0,0,7,5949829,4,4433260,5690000,16,https://www.bobaedream.co.kr/mycar/mycar_view.php?no=2151906&gubun=K
101,현대 그랜저IG 3.0,201611,53780,2,2999,0,0,1,1,1,1,1,1,1,1,1,1,8,1,0,0,0,4,26040858,1,2866500,19500000,50,https://www.bobaedream.co.kr/mycar/mycar_view.php?no=2154988&gubun=K
103,현대 그랜저IG 3.0,201807,18335,2,2999,0,0,0,1,1,1,1,1,1,1,1,1,4,1,0,0,0,2,549070,2,2128246,21990000,61,https://www.bobaedream.co.kr/mycar/mycar_view.php?no=2155335&gubun=K
104,현대 그랜저HG 300,201210,98992,2,2999,0,0,0,1,1,1,1,0,1,0,1,1,3,0,0,0,0,4,12514155,3,4799651,8990000,25,https://www.bobaedream.co.kr/mycar/mycar_view.php?no=2155349&gubun=K
105,현대 그랜저HG 240,201106,73494,2,2359,0,0,0,1,1,1,1,0,1,0,0,1,1,0,0,0,0,2,2272434,2,13850998,7800000,26,https://www.bobaedream.co.kr/mycar/mycar_view.php?no=2156516&gubun=K
107,현대 그랜저HG 240,201103,97593,2,2359,0,0,0,1,1,0,1,0,1,0,1,1,1,0,0,0,0,2,5030626,3,2055304,7990000,26,https://www.bobaedream.co.kr/mycar/mycar_view.php?no=2161761&gubun=K
108,현대 그랜저IG 3.0,201705,72087,2,2999,2,1,1,1,1,1,1,0,1,0,1,1,4,1,0,0,0,2,15315060,0,0,17700000,49,https://www.bobaedream.co.kr/mycar/mycar_view.php?no=2162573&gubun=K
114,현대 더 뉴,202103,21122,2,2497,1,1,0,1,1,1,1,1,1,1,1,1,3,0,0,0,0,0,0,0,0,31200000,84,https://www.bobaedream.co.kr/mycar/mycar_view.php?no=2163362&gubun=K
117,현대 그랜저IG 3.0,201701,81379,2,2999,0,0,0,1,1,1,1,0,1,0,1,1,3,0,0,0,0,0,0,2,1890902,17500000,64,https://www.bobaedream.co.kr/mycar/mycar_view.php?no=2162522&gubun=K
119,현대 그랜저IG 3.0,201907,53678,2,2999,0,0,0,1,1,1,1,0,1,0,1,1,1,0,0,0,0,3,2230430,1,465430,18800000,53,https://www.bobaedream.co.kr/mycar/mycar_view.php?no=2163213&gubun=K
120,현대 그랜저HG 300,201106,187315,2,2999,1,0,0,1,1,0,1,0,1,0,1,1,1,0,0,0,0,6,7516085,2,1113520,5700000,16,https://www.bobaedream.co.kr/mycar/mycar_view.php?no=2163337&gubun=K
121,현대 그랜저IG 3.3,201803,77232,2,3342,2,1,0,1,1,1,1,1,1,1,1,1,1,0,0,0,0,2,1233530,1,682950,19390000,44,https://www.bobaedream.co.kr/mycar/mycar_view.php?no=2163505&gubun=K
122,현대 그랜저HG 300,201507,156383,2,2999,0,0,0,0,1,1,1,0,1,0,1,1,6,0,0,0,0,0,0,1,402280,11500000,31,https://www.bobaedream.co.kr/mycar/mycar_view.php?no=2163600&gubun=K
123,현대 그랜저HG 220,201505,209653,0,2199,0,0,0,1,1,0,1,0,1,0,0,1,3,0,0,0,0,5,3407684,2,2883548,8400000,24,https://www.bobaedream.co.kr/mycar/mycar_view.php?no=2157237&gubun=K
124,현대 그랜저IG 3.0,201612,95766,2,2999,0,0,0,1,1,0,0,0,0,0,1,1,0,0,0,0,0,4,6114416,2,3346260,17300000,48,https://www.bobaedream.co.kr/mycar/mycar_view.php?no=2160342&gubun=K
125,현대 그랜저HG 240,201308,119169,2,2359,0,0,0,1,1,1,1,0,1,0,1,1,7,1,0,0,0,5,29594516,2,1655060,7200000,24,https://www.bobaedream.co.kr/mycar/mycar_view.php?no=2160307&gubun=K
126,현대 그랜저IG 2.4,201701,86660,2,2359,0,0,0,1,1,0,1,0,1,0,1,1,2,0,0,0,0,2,27068730,1,11890000,14490000,42,https://www.bobaedream.co.kr/mycar/mycar_view.php?no=2160447&gubun=K
127,현대 그랜저HG 300,201109,163439,2,2999,0,0,0,1,1,0,1,0,1,0,1,1,3,0,0,0,0,3,1985988,2,901480,5900000,17,https://www.bobaedream.co.kr/mycar/mycar_view.php?no=2160443&gubun=K
128,현대 그랜저IG 2.4,201701,67552,2,2359,2,0,0,1,1,0,1,0,1,0,1,1,4,0,0,0,0,1,0,2,459438,14800000,46,https://www.bobaedream.co.kr/mycar/mycar_view.php?no=2161275&gubun=K
129,현대 그랜저HG 300,201205,106369,2,2999,1,0,0,1,1,0,1,0,1,0,1,1,3,0,0,0,0,7,6817294,2,447008,7300000,20,https://www.bobaedream.co.kr/mycar/mycar_view.php?no=2161278&gubun=K
130,현대 그랜저IG 3.0,201803,187298,1,2999,1,0,0,1,1,0,1,0,1,0,1,1,2,0,0,0,0,0,0,0,0,12900000,45,https://www.bobaedream.co.kr/mycar/mycar_view.php?no=2161853&gubun=K
131,현대 그랜저HG 240,201211,142574,2,2359,1,0,1,1,1,1,1,0,1,0,1,1,5,0,0,0,0,4,2208859,3,1793246,9900000,33,https://www.bobaedream.co.kr/mycar/mycar_view.php?no=2162064&gubun=K
133,현대 그랜저HG 300,201303,179592,2,2999,0,0,0,1,1,1,1,1,1,1,1,1,4,0,0,0,0,3,1611576,3,3471818,7990000,22,https://www.bobaedream.co.kr/mycar/mycar_view.php?no=2162499&gubun=K
134,현대 그랜저IG 3.0,201702,99119,2,2999,0,0,0,1,1,1,1,0,1,0,1,1,3,0,0,0,0,2,1595629,0,0,18200000,51,https://www.bobaedream.co.kr/mycar/mycar_view.php?no=2162593&gubun=K
135,현대 그랜저HG 300,201102,170897,2,2999,0,0,0,1,1,1,1,0,1,0,1,1,1,0,0,0,0,2,1582310,1,611988,6800000,19,https://www.bobaedream.co.kr/mycar/mycar_view.php?no=2162619&gubun=K
137,현대 그랜저IG 2.4,201701,95759,2,2359,0,0,0,1,1,0,0,0,0,0,1,1,1,0,0,0,0,3,7060654,4,5848029,17000000,53,https://www.bobaedream.co.kr/mycar/mycar_view.php?no=2163245&gubun=K
138,현대 그랜저HG 240,201407,111127,2,2359,0,0,0,1,1,1,1,0,1,0,1,1,2,0,0,0,0,7,11189443,4,6875373,9900000,33,https://www.bobaedream.co.kr/mycar/mycar_view.php?no=2163566&gubun=K
139,현대 그랜저IG 2.4,201809,110308,2,2359,4,1,0,1,1,1,1,0,1,0,1,1,2,0,0,0,0,0,0,0,0,16100000,51,https://www.bobaedream.co.kr/mycar/mycar_view.php?no=2163603&gubun=K
140,현대 그랜저HG 300,201104,175288,2,2999,0,0,0,1,1,1,1,0,1,0,0,1,1,0,0,0,0,6,11153338,0,0,5990000,16,https://www.bobaedream.co.kr/mycar/mycar_view.php?no=2162705&gubun=K
143,현대 그랜저HG 300,201405,150000,2,2999,1,0,1,1,1,1,1,0,1,0,0,1,4,0,0,0,0,7,31363337,1,924600,6900000,21,https://www.bobaedream.co.kr/mycar/mycar_view.php?no=2162626&gubun=K
144,현대 그랜저IG 2.4,201705,85276,2,2359,0,1,0,1,1,1,1,0,1,0,1,1,1,0,0,0,0,1,789118,2,1065281,16890000,54,https://www.bobaedream.co.kr/mycar/mycar_view.php?no=2162228&gubun=K
147,현대 그랜저HG 240,201106,187691,2,2359,0,0,0,0,1,0,0,0,0,0,1,1,1,0,0,0,0,2,1187500,0,0,6900000,23,https://www.bobaedream.co.kr/mycar/mycar_view.php?no=2159104&gubun=K
148,현대 그랜저TG Q270,200508,150419,2,2656,1,1,0,1,0,0,1,0,1,0,0,1,5,0,0,0,0,7,4984810,3,2352155,2600000,8,https://www.bobaedream.co.kr/mycar/mycar_view.php?no=2161952&gubun=K
149,현대 그랜저IG 3.0,201706,129536,1,2999,0,0,0,1,1,1,1,0,1,0,1,1,1,0,0,0,0,1,685637,1,8146000,15900000,54,https://www.bobaedream.co.kr/mycar/mycar_view.php?no=2163487&gubun=K
150,현대 그랜저HG 220,201410,177078,0,2199,1,1,1,0,1,1,1,0,1,0,0,1,5,0,0,0,0,7,4175295,3,3636340,9800000,28,https://www.bobaedream.co.kr/mycar/mycar_view.php?no=2160298&gubun=K
152,현대 그랜저IG 2.4,201711,57561,2,2359,1,0,0,1,1,1,1,0,1,0,1,1,1,0,0,0,0,1,7724873,1,8535968,19990000,58,https://www.bobaedream.co.kr/mycar/mycar_view.php?no=2143102&gubun=K
154,현대 그랜저HG 240,201107,200445,2,2359,1,1,1,1,1,0,0,0,0,0,1,1,8,0,0,0,0,5,7600109,2,1129378,7700000,25,https://www.bobaedream.co.kr/mycar/mycar_view.php?no=2155237&gubun=K
155,현대 그랜저IG 3.0,201804,110083,1,2999,1,0,0,1,1,1,1,0,1,0,1,1,3,0,0,0,0,1,0,1,0,16990000,58,https://www.bobaedream.co.kr/mycar/mycar_view.php?no=2155639&gubun=K
156,현대 그랜저HG 240,201302,79852,2,2359,0,0,0,0,1,1,1,0,1,0,1,1,0,0,0,0,0,6,4986535,1,648330,10800000,36,https://www.bobaedream.co.kr/mycar/mycar_view.php?no=2157020&gubun=K
157,현대 그랜저HG 300,201207,121171,2,2999,0,1,1,1,1,0,1,0,1,0,1,1,3,0,0,0,0,8,5467220,0,0,8900000,27,https://www.bobaedream.co.kr/mycar/mycar_view.php?no=2157037&gubun=K
163,현대 그랜저HG 220,201510,113000,0,2199,0,0,0,1,1,1,1,0,1,0,1,1,3,0,0,0,0,2,854260,3,2832960,11400000,35,https://www.bobaedream.co.kr/mycar/mycar_view.php?no=2162849&gubun=K
164,현대 그랜저HG 220,201407,130000,0,2199,1,1,1,1,1,1,1,0,1,0,1,1,2,0,0,0,0,5,6294901,3,3890040,12500000,37,https://www.bobaedream.co.kr/mycar/mycar_view.php?no=2162850&gubun=K
165,현대 그랜저HG 300,201104,126000,2,2999,0,0,0,1,1,1,1,0,1,0,1,1,3,0,0,0,0,4,2990062,2,1985889,7500000,22,https://www.bobaedream.co.kr/mycar/mycar_view.php?no=2156264&gubun=K
173,현대 그랜저IG 3.0,201712,71477,2,2999,0,0,0,1,1,1,1,1,1,1,1,1,1,0,0,0,0,1,437428,1,1332460,24000000,61,https://www.bobaedream.co.kr/mycar/mycar_view.php?no=2161304&gubun=K
174,현대 그랜저IG 2.4,201901,72388,2,2359,2,0,0,1,1,1,1,1,1,1,1,1,1,0,0,0,0,0,0,0,0,24800000,68,https://www.bobaedream.co.kr/mycar/mycar_view.php?no=2161297&gubun=K
181,현대 그랜저HG 300,201101,64556,2,2999,3,0,0,0,1,0,0,0,1,0,0,1,1,0,0,0,0,1,1220200,0,0,8900000,27,https://www.bobaedream.co.kr/mycar/mycar_view.php?no=2163141&gubun=K
184,현대 그랜저HG 2.2,201407,206660,0,2199,0,0,0,1,1,1,1,0,1,0,0,1,3,0,0,0,0,2,1006698,2,1289107,8000000,25,https://www.bobaedream.co.kr/mycar/mycar_view.php?no=2148897&gubun=K
192,현대 그랜저HG 240,201501,43255,2,2359,1,1,0,0,1,1,1,0,1,0,0,1,3,0,0,0,0,1,652878,0,0,16390000,54,https://www.bobaedream.co.kr/mycar/mycar_view.php?no=2156286&gubun=K
193,현대 그랜저IG 2.4,201612,59765,2,2359,0,0,0,0,1,0,0,0,0,0,1,1,5,0,0,0,0,0,0,0,0,21000000,66,https://www.bobaedream.co.kr/mycar/mycar_view.php?no=2156553&gubun=K
196,현대 그랜저IG ,201811,75276,2,2999,0,0,0,1,1,1,1,0,1,0,1,1,3,0,0,0,0,0,0,1,852268,22500000,64,https://www.bobaedream.co.kr/mycar/mycar_view.php?no=2157768&gubun=K
221,현대 더 뉴,201804,86265,0,2497,4,0,0,0,0,0,1,0,1,0,0,1,3,0,0,0,0,1,3153322,1,4282439,14900000,58,https://www.bobaedream.co.kr/mycar/mycar_view.php?no=2161751&gubun=K
224,현대 그랜드스타렉스 2.5,201506,92975,0,2497,4,0,0,1,0,0,1,0,1,0,0,1,1,0,0,0,0,3,9872048,2,4346058,13400000,63,https://www.bobaedream.co.kr/mycar/mycar_view.php?no=2163318&gubun=K
230,현대 더 뉴,201801,99614,0,2497,3,0,0,1,0,0,1,0,0,0,0,1,1,0,0,0,0,1,762040,0,0,18400000,76,https://www.bobaedream.co.kr/mycar/mycar_view.php?no=2140540&gubun=K
232,현대 뉴스타렉스 ,200604,215824,0,2497,3,0,0,0,0,0,1,0,0,0,0,1,9,0,0,0,0,2,2604926,2,3950464,3800000,22,https://www.bobaedream.co.kr/mycar/mycar_view.php?no=2147041&gubun=K
233,현대 더 뉴,201903,79382,0,2497,1,0,0,1,0,0,1,0,1,0,1,1,1,0,0,0,0,3,1902718,0,0,22300000,89,https://www.bobaedream.co.kr/mycar/mycar_view.php?no=2158254&gubun=K
241,현대 더 뉴,201804,86265,0,2497,4,0,0,0,0,0,1,0,1,0,0,1,3,0,0,0,0,1,3153322,1,4282439,14900000,58,https://www.bobaedream.co.kr/mycar/mycar_view.php?no=2161751&gubun=K
244,현대 그랜드스타렉스 2.5,201506,92975,0,2497,4,0,0,1,0,0,1,0,1,0,0,1,1,0,0,0,0,3,9872048,2,4346058,13400000,63,https://www.bobaedream.co.kr/mycar/mycar_view.php?no=2163318&gubun=K
250,현대 더 뉴,201801,99614,0,2497,3,0,0,1,0,0,1,0,0,0,0,1,1,0,0,0,0,1,762040,0,0,18400000,76,https://www.bobaedream.co.kr/mycar/mycar_view.php?no=2140540&gubun=K
252,현대 뉴스타렉스 ,200604,215824,0,2497,3,0,0,0,0,0,1,0,0,0,0,1,9,0,0,0,0,2,2604926,2,3950464,3800000,22,https://www.bobaedream.co.kr/mycar/mycar_view.php?no=2147041&gubun=K
253,현대 더 뉴,201903,79382,0,2497,1,0,0,1,0,0,1,0,1,0,1,1,1,0,0,0,0,3,1902718,0,0,22300000,89,https://www.bobaedream.co.kr/mycar/mycar_view.php?no=2158254&gubun=K
272,현대 그랜드스타렉스 2.5,201104,125000,0,2497,3,0,0,1,0,0,1,0,1,0,0,1,4,0,0,0,0,1,3060260,3,4686190,6900000,32,https://www.bobaedream.co.kr/mycar/mycar_view.php?no=2160457&gubun=K
320,현대 아반떼AD ,201604,88221,0,1582,5,1,0,1,0,0,1,0,1,0,0,1,1,0,0,0,0,3,2228617,3,2249251,11200000,56,https://www.bobaedream.co.kr/mycar/mycar_view.php?no=2148464&gubun=K
321,현대 아반떼AD 1.6,201601,58107,2,1591,1,0,0,1,0,0,1,0,1,0,1,1,5,0,0,0,0,3,9810872,2,7604708,9500000,46,https://www.bobaedream.co.kr/mycar/mycar_view.php?no=2160060&gubun=K
322,현대 아반떼AD 1.6,201708,73879,2,1591,1,0,0,1,0,0,1,0,1,0,1,1,2,0,0,0,0,6,11788411,3,4478871,8500000,50,https://www.bobaedream.co.kr/mycar/mycar_view.php?no=2161376&gubun=K
323,현대 아반떼MD 1.6,201212,90187,2,1591,0,1,0,1,0,0,0,0,1,0,0,1,6,0,0,0,0,8,4924005,2,1817270,5900000,34,https://www.bobaedream.co.kr/mycar/mycar_view.php?no=2162608&gubun=K
330,현대 아반떼AD 1.6,201510,59571,2,1591,3,0,0,1,1,0,1,0,1,0,0,1,0,0,0,0,0,4,1921376,2,2555430,14100000,66,https://www.bobaedream.co.kr/mycar/mycar_view.php?no=2149862&gubun=K
331,현대 아반떼MD 1.6,201201,125799,2,1591,4,0,0,1,1,0,1,0,1,0,0,1,1,0,0,0,0,4,3954029,0,0,6500000,35,https://www.bobaedream.co.kr/mycar/mycar_view.php?no=2160557&gubun=K
332,현대 아반떼AD 1.6,201509,80000,2,1591,1,0,0,1,0,0,1,0,1,0,1,1,1,0,0,0,0,0,0,0,0,11800000,66,https://www.bobaedream.co.kr/mycar/mycar_view.php?no=2162547&gubun=K
333,현대 아반떼AD 1.6,201510,72000,2,1591,0,0,0,1,1,1,1,0,1,0,1,1,4,0,0,0,0,1,152970,3,2064649,12800000,60,https://www.bobaedream.co.kr/mycar/mycar_view.php?no=2162548&gubun=K
335,현대 아반떼AD 1.6,201804,27950,2,1591,5,0,0,1,0,0,1,0,1,0,0,1,1,0,0,0,0,0,0,0,0,13800000,75,https://www.bobaedream.co.kr/mycar/mycar_view.php?no=2149068&gubun=K
336,현대 아반떼AD 1.6,201712,99500,2,1591,5,0,0,1,0,0,1,0,1,0,1,1,1,0,0,0,0,1,4728750,0,0,10900000,52,https://www.bobaedream.co.kr/mycar/mycar_view.php?no=2151478&gubun=K
340,현대 아반떼AD ,201604,88221,0,1582,5,1,0,1,0,0,1,0,1,0,0,1,1,0,0,0,0,3,2228617,3,2249251,11200000,56,https://www.bobaedream.co.kr/mycar/mycar_view.php?no=2148464&gubun=K
341,현대 아반떼AD 1.6,201601,58107,2,1591,1,0,0,1,0,0,1,0,1,0,1,1,5,0,0,0,0,3,9810872,2,7604708,9500000,46,https://www.bobaedream.co.kr/mycar/mycar_view.php?no=2160060&gubun=K
342,현대 아반떼AD 1.6,201708,73879,2,1591,1,0,0,1,0,0,1,0,1,0,1,1,2,0,0,0,0,6,11788411,3,4478871,8500000,50,https://www.bobaedream.co.kr/mycar/mycar_view.php?no=2161376&gubun=K
343,현대 아반떼MD 1.6,201212,90187,2,1591,0,1,0,1,0,0,0,0,1,0,0,1,6,0,0,0,0,8,4924005,2,1817270,5900000,34,https://www.bobaedream.co.kr/mycar/mycar_view.php?no=2162608&gubun=K
350,현대 아반떼AD 1.6,201510,59571,2,1591,3,0,0,1,1,0,1,0,1,0,0,1,0,0,0,0,0,4,1921376,2,2555430,14100000,66,https://www.bobaedream.co.kr/mycar/mycar_view.php?no=2149862&gubun=K
351,현대 아반떼MD 1.6,201201,125799,2,1591,4,0,0,1,1,0,1,0,1,0,0,1,1,0,0,0,0,4,3954029,0,0,6500000,35,https://www.bobaedream.co.kr/mycar/mycar_view.php?no=2160557&gubun=K
352,현대 아반떼AD 1.6,201509,80000,2,1591,1,0,0,1,0,0,1,0,1,0,1,1,1,0,0,0,0,0,0,0,0,11800000,66,https://www.bobaedream.co.kr/mycar/mycar_view.php?no=2162547&gubun=K
353,현대 아반떼AD 1.6,201510,72000,2,1591,0,0,0,1,1,1,1,0,1,0,1,1,4,0,0,0,0,1,152970,3,2064649,12800000,60,https://www.bobaedream.co.kr/mycar/mycar_view.php?no=2162548&gubun=K
355,현대 아반떼AD 1.6,201804,27950,2,1591,5,0,0,1,0,0,1,0,1,0,0,1,1,0,0,0,0,0,0,0,0,13800000,75,https://www.bobaedream.co.kr/mycar/mycar_view.php?no=2149068&gubun=K
356,현대 아반떼AD 1.6,201712,99500,2,1591,5,0,0,1,0,0,1,0,1,0,1,1,1,0,0,0,0,1,4728750,0,0,10900000,52,https://www.bobaedream.co.kr/mycar/mycar_view.php?no=2151478&gubun=K
362,현대 아반떼AD 1.6,201511,79666,0,1582,5,1,0,1,1,0,1,0,1,0,1,1,3,0,0,0,0,2,5620156,0,0,10500000,44,https://www.bobaedream.co.kr/mycar/mycar_view.php?no=2162810&gubun=K
363,현대 아반떼 쿠페,201307,51434,2,1999,1,1,0,1,0,0,1,0,1,0,0,1,3,0,0,0,0,2,2559248,1,343878,7700000,37,https://www.bobaedream.co.kr/mycar/mycar_view.php?no=2162816&gubun=K
367,현대 아반떼AD 1.6,201808,87000,2,1591,1,1,1,1,1,0,1,0,1,0,1,1,1,0,0,0,0,3,14421802,3,28633959,10500000,48,https://www.bobaedream.co.kr/mycar/mycar_view.php?no=2160989&gubun=K
368,현대 올 뉴,202103,17596,2,1598,2,0,0,1,1,1,1,0,1,0,1,1,2,0,0,0,0,0,0,0,0,22900000,120,https://www.bobaedream.co.kr/mycar/mycar_view.php?no=2163271&gubun=K
371,현대 아반떼AD 1.6,201710,23176,2,1591,0,0,0,1,0,0,1,0,1,0,1,1,6,0,0,0,0,0,0,1,1860000,10600000,62,https://www.bobaedream.co.kr/mycar/mycar_view.php?no=2153775&gubun=K
373,현대 아반떼AD 1.6,201804,35882,2,1591,1,0,0,1,0,0,1,0,1,0,1,1,3,0,0,0,0,2,11398340,0,0,8990000,53,https://www.bobaedream.co.kr/mycar/mycar_view.php?no=2136419&gubun=K
374,현대 아반떼MD M16,201009,91435,2,1591,1,1,0,1,1,0,1,0,1,0,0,1,6,0,0,0,0,0,0,9,9600985,3200000,17,https://www.bobaedream.co.kr/mycar/mycar_view.php?no=2136420&gubun=K
375,현대 아반떼AD 1.6,201512,100978,2,1591,1,1,0,1,0,0,1,0,1,0,1,1,3,0,0,0,0,1,4344996,1,643510,9300000,48,https://www.bobaedream.co.kr/mycar/mycar_view.php?no=2154366&gubun=K
376,현대 아반떼AD 1.6,201605,61904,0,1582,1,0,0,1,0,0,1,0,1,0,1,1,3,0,0,0,0,1,2894512,1,946380,8990000,42,https://www.bobaedream.co.kr/mycar/mycar_view.php?no=2155352&gubun=K
377,현대 아반떼AD 1.6,201510,97858,2,1591,1,0,0,1,0,0,1,0,1,0,0,1,2,0,0,0,0,2,2868937,2,1447761,9400000,53,https://www.bobaedream.co.kr/mycar/mycar_view.php?no=2156200&gubun=K
378,현대 아반떼AD 1.6,201610,90424,2,1591,1,0,0,1,0,0,1,0,1,0,1,1,2,0,0,0,0,3,8070026,3,11893030,10800000,59,https://www.bobaedream.co.kr/mycar/mycar_view.php?no=2158165&gubun=K
379,현대 더 뉴,201811,57601,2,1598,1,0,0,1,0,0,1,0,1,0,1,1,1,0,0,0,0,0,0,0,0,13300000,76,https://www.bobaedream.co.kr/mycar/mycar_view.php?no=2158321&gubun=K
380,현대 아반떼MD 1.6,201101,111622,2,1591,1,1,0,1,1,0,1,0,1,0,0,1,8,1,0,0,0,2,14000700,2,5705637,4990000,27,https://www.bobaedream.co.kr/mycar/mycar_view.php?no=2162559&gubun=K
381,현대 아반떼AD 1.6,201601,101467,0,1582,1,1,0,1,0,0,1,0,1,0,1,1,3,0,0,0,0,7,11344646,4,4477276,7990000,40,https://www.bobaedream.co.kr/mycar/mycar_view.php?no=2162554&gubun=K
382,현대 아반떼AD 1.6,201605,100798,2,1591,0,1,0,1,0,0,1,0,1,0,1,1,5,0,0,0,0,1,9075575,2,9717255,8990000,46,https://www.bobaedream.co.kr/mycar/mycar_view.php?no=2162555&gubun=K
383,현대 올 뉴,202011,13409,2,1598,2,0,0,1,0,0,1,0,1,0,1,1,0,0,0,0,0,1,1100489,0,0,17900000,116,https://www.bobaedream.co.kr/mycar/mycar_view.php?no=2158140&gubun=K
385,현대 아반떼AD 1.6,201510,99514,2,1591,1,1,0,0,1,1,1,0,1,0,1,1,3,0,0,0,0,2,9826616,2,7637205,10490000,49,https://www.bobaedream.co.kr/mycar/mycar_view.php?no=2162501&gubun=K
386,현대 더 뉴,201412,102779,0,1582,1,0,0,0,0,0,1,0,0,0,0,1,4,0,0,0,0,1,354150,1,2745869,5900000,36,https://www.bobaedream.co.kr/mycar/mycar_view.php?no=2162867&gubun=K
387,현대 아반떼AD 1.6,201603,47034,2,1591,0,0,0,0,0,0,1,0,1,0,0,1,5,0,0,0,0,1,9501880,0,0,9490000,67,https://www.bobaedream.co.kr/mycar/mycar_view.php?no=2157795&gubun=K
388,현대 아반떼AD 1.6,201606,136536,2,1591,1,0,0,1,0,0,1,0,1,0,0,1,4,0,0,0,0,5,8186829,2,1496678,8400000,59,https://www.bobaedream.co.kr/mycar/mycar_view.php?no=2159544&gubun=K
389,현대 아반떼AD 1.6,201511,139319,2,1591,1,0,0,1,1,1,1,0,1,0,1,1,4,0,0,0,0,5,4498251,7,7494079,8500000,40,https://www.bobaedream.co.kr/mycar/mycar_view.php?no=2159933&gubun=K
390,현대 더 뉴,201312,105401,2,1591,1,0,0,1,0,0,1,0,1,0,1,1,1,0,0,0,0,1,295980,3,3032350,6000000,34,https://www.bobaedream.co.kr/mycar/mycar_view.php?no=2160611&gubun=K
391,현대 더 뉴,201505,94615,2,1591,1,0,0,0,0,0,1,0,0,0,0,1,1,0,0,0,0,2,465708,0,0,6300000,44,https://www.bobaedream.co.kr/mycar/mycar_view.php?no=2161253&gubun=K
392,현대 아반떼AD 1.6,201803,31138,2,1591,5,0,0,1,1,0,1,0,1,0,1,1,1,0,0,0,0,0,0,0,0,11990000,58,https://www.bobaedream.co.kr/mycar/mycar_view.php?no=2161339&gubun=K
393,현대 아반떼AD 1.6,201512,91473,2,1591,2,0,0,0,0,1,1,0,0,0,0,1,1,0,0,0,0,3,3225951,0,0,8500000,60,https://www.bobaedream.co.kr/mycar/mycar_view.php?no=2162065&gubun=K
394,현대 더 뉴,201312,93699,0,1582,1,0,0,1,1,0,1,0,1,0,1,1,5,0,0,0,0,1,3926875,3,4423754,6900000,33,https://www.bobaedream.co.kr/mycar/mycar_view.php?no=2162352&gubun=K
396,현대 아반떼MD 1.6,201107,128563,2,1591,1,1,0,1,0,0,1,0,1,0,0,1,4,0,0,0,0,6,7822325,6,2808680,3800000,25,https://www.bobaedream.co.kr/mycar/mycar_view.php?no=2160723&gubun=K
399,현대 아반떼MD 1.6,201210,92000,2,1591,1,1,0,1,1,0,1,0,1,0,0,1,6,0,0,0,0,3,14367690,2,6880440,3300000,18,https://www.bobaedream.co.kr/mycar/mycar_view.php?no=2159328&gubun=K
400,현대 아반떼AD 1.6,201712,9700,2,1591,1,0,0,1,0,0,1,0,0,0,1,1,5,0,0,0,0,0,0,0,0,9200000,54,https://www.bobaedream.co.kr/mycar/mycar_view.php?no=2159335&gubun=K
401,현대 아반떼AD 1.6,201602,21000,2,1591,1,0,0,0,0,1,1,0,0,0,0,1,7,0,0,0,0,0,0,0,0,6900000,48,https://www.bobaedream.co.kr/mycar/mycar_view.php?no=2155311&gubun=K
402,현대 아반떼MD 1.6,201209,83000,2,1591,1,1,0,1,1,0,1,0,1,0,1,1,5,0,0,0,0,3,6683348,1,972900,3200000,17,https://www.bobaedream.co.kr/mycar/mycar_view.php?no=2159297&gubun=K
404,현대 아반떼AD 1.6,201604,75000,2,1591,1,0,0,1,0,0,1,0,1,0,1,1,4,0,0,0,0,8,16003096,2,2780000,8600000,45,https://www.bobaedream.co.kr/mycar/mycar_view.php?no=2161055&gubun=K
405,현대 아반떼MD 1.6,201201,107000,2,1591,1,1,0,1,1,0,1,0,1,0,1,1,7,0,0,0,0,6,12255586,1,1420140,3200000,16,https://www.bobaedream.co.kr/mycar/mycar_view.php?no=2163209&gubun=K
406,현대 아반떼AD 1.6,201512,82282,0,1582,1,1,0,0,1,1,1,0,1,0,0,1,6,0,0,0,0,7,13884941,10,7722111,10800000,45,https://www.bobaedream.co.kr/mycar/mycar_view.php?no=2155867&gubun=K
410,현대 더 뉴,201906,62431,2,1598,2,0,0,1,0,0,1,0,1,0,1,1,0,0,0,0,0,3,6008167,3,3910846,12990000,72,https://www.bobaedream.co.kr/mycar/mycar_view.php?no=2161512&gubun=K
411,현대 올 뉴,202101,6788,2,1598,2,0,0,1,1,1,1,0,1,0,1,1,1,0,0,0,0,0,0,0,0,18990000,100,https://www.bobaedream.co.kr/mycar/mycar_view.php?no=2162978&gubun=K
412,현대 아반떼AD 1.6,201607,93789,0,1582,5,1,0,0,0,0,1,0,1,0,1,1,1,0,0,0,0,1,459580,1,830160,10200000,51,https://www.bobaedream.co.kr/mycar/mycar_view.php?no=2161085&gubun=K
413,현대 아반떼AD 1.6,201601,88589,0,1582,1,0,0,0,0,0,1,0,1,0,0,1,5,0,0,0,0,5,2284863,3,1960380,10200000,51,https://www.bobaedream.co.kr/mycar/mycar_view.php?no=2161092&gubun=K
414,현대 아반떼AD 1.6,201511,87057,0,1582,4,0,0,0,0,0,1,0,1,0,0,1,3,0,0,0,0,0,0,0,0,10000000,61,https://www.bobaedream.co.kr/mycar/mycar_view.php?no=2161094&gubun=K
416,현대 아반떼MD 1.6,201009,140000,2,1591,1,1,0,1,1,0,1,0,1,0,0,1,1,0,0,0,0,1,1000000,0,0,5500000,29,https://www.bobaedream.co.kr/mycar/mycar_view.php?no=2162853&gubun=K
419,현대 더 뉴,201810,107422,2,1598,1,1,0,1,0,0,1,0,1,0,0,1,1,0,0,0,0,0,0,0,0,11290000,62,https://www.bobaedream.co.kr/mycar/mycar_view.php?no=2156259&gubun=K
420,현대 아반떼AD 1.6,201701,64441,2,1591,1,0,0,1,0,0,1,0,1,0,0,1,3,0,0,0,0,2,699990,0,0,7200000,42,https://www.bobaedream.co.kr/mycar/mycar_view.php?no=2145306&gubun=K
427,현대 올 뉴,202004,20222,2,1598,1,1,0,1,1,1,1,0,1,0,1,1,0,0,0,0,0,1,581534,1,892608,23600000,98,https://www.bobaedream.co.kr/mycar/mycar_view.php?no=2154256&gubun=K
429,현대 아반떼AD 1.6,201808,70724,2,1591,1,0,0,0,0,0,1,0,1,0,1,1,1,0,0,0,0,1,311760,0,0,13900000,82,https://www.bobaedream.co.kr/mycar/mycar_view.php?no=2159423&gubun=K
440,현대 뉴 에쿠스,200906,82000,2,3778,0,0,0,1,0,1,1,0,1,0,0,1,5,0,0,0,0,3,20863820,3,12732711,8200000,12,https://www.bobaedream.co.kr/mycar/mycar_view.php?no=2160494&gubun=K
443,현대 뉴 에쿠스,201412,115000,2,3778,0,0,0,1,1,1,1,0,1,0,1,1,5,0,0,0,0,1,3351199,1,1101080,17900000,26,https://www.bobaedream.co.kr/mycar/mycar_view.php?no=2162902&gubun=K
446,현대 뉴 에쿠스,200909,110427,2,4627,0,1,0,1,1,1,1,0,1,0,1,1,9,0,0,0,0,8,6309982,1,486620,9400000,8,https://www.bobaedream.co.kr/mycar/mycar_view.php?no=2162433&gubun=K
447,현대 뉴 에쿠스,200906,93917,2,4627,5,1,0,1,1,1,1,0,1,0,1,1,1,0,0,0,0,2,1756588,3,1985880,11500000,10,https://www.bobaedream.co.kr/mycar/mycar_view.php?no=2162439&gubun=K
456,현대 뉴 에쿠스,201309,183765,2,3778,0,0,0,1,1,1,1,0,1,0,1,1,5,0,0,0,0,0,0,0,0,16900000,21,https://www.bobaedream.co.kr/mycar/mycar_view.php?no=2162679&gubun=K
457,현대 뉴 에쿠스,201310,167351,2,3778,0,1,0,1,1,1,1,0,1,0,1,1,3,0,0,0,0,5,17468760,1,2208549,15950000,20,https://www.bobaedream.co.kr/mycar/mycar_view.php?no=2154001&gubun=K
458,현대 뉴 에쿠스,201004,167225,2,3778,3,0,0,1,1,1,1,0,1,0,1,1,4,0,0,0,0,4,1731288,2,1478440,8950000,13,https://www.bobaedream.co.kr/mycar/mycar_view.php?no=2153924&gubun=K
459,현대 뉴 에쿠스,200911,78043,2,3778,0,0,0,1,0,1,1,0,1,0,1,1,2,0,0,0,0,5,4792958,2,1716486,10400000,15,https://www.bobaedream.co.kr/mycar/mycar_view.php?no=2162676&gubun=K
460,현대 뉴 에쿠스,200906,82000,2,3778,0,0,0,1,0,1,1,0,1,0,0,1,5,0,0,0,0,3,20863820,3,12732711,8200000,12,https://www.bobaedream.co.kr/mycar/mycar_view.php?no=2160494&gubun=K
463,현대 뉴 에쿠스,201412,115000,2,3778,0,0,0,1,1,1,1,0,1,0,1,1,5,0,0,0,0,1,3351199,1,1101080,17900000,26,https://www.bobaedream.co.kr/mycar/mycar_view.php?no=2162902&gubun=K
466,현대 뉴 에쿠스,200909,110427,2,4627,0,1,0,1,1,1,1,0,1,0,1,1,9,0,0,0,0,8,6309982,1,486620,9400000,8,https://www.bobaedream.co.kr/mycar/mycar_view.php?no=2162433&gubun=K
467,현대 뉴 에쿠스,200906,93917,2,4627,5,1,0,1,1,1,1,0,1,0,1,1,1,0,0,0,0,2,1756588,3,1985880,11500000,10,https://www.bobaedream.co.kr/mycar/mycar_view.php?no=2162439&gubun=K
476,현대 뉴 에쿠스,201309,183765,2,3778,0,0,0,1,1,1,1,0,1,0,1,1,5,0,0,0,0,0,0,0,0,16900000,21,https://www.bobaedream.co.kr/mycar/mycar_view.php?no=2162679&gubun=K
477,현대 뉴 에쿠스,201310,167351,2,3778,0,1,0,1,1,1,1,0,1,0,1,1,3,0,0,0,0,5,17468760,1,2208549,15950000,20,https://www.bobaedream.co.kr/mycar/mycar_view.php?no=2154001&gubun=K
478,현대 뉴 에쿠스,201004,167225,2,3778,3,0,0,1,1,1,1,0,1,0,1,1,4,0,0,0,0,4,1731288,2,1478440,8950000,13,https://www.bobaedream.co.kr/mycar/mycar_view.php?no=2153924&gubun=K
479,현대 뉴 에쿠스,200911,78043,2,3778,0,0,0,1,0,1,1,0,1,0,1,1,2,0,0,0,0,5,4792958,2,1716486,10400000,15,https://www.bobaedream.co.kr/mycar/mycar_view.php?no=2162676&gubun=K
480,현대 뉴 에쿠스,201011,172863,2,3778,1,0,0,1,1,1,1,0,1,0,1,1,7,0,0,0,0,5,4584338,1,503350,12990000,17,https://www.bobaedream.co.kr/mycar/mycar_view.php?no=2157224&gubun=K
481,현대 뉴 에쿠스,200907,163798,2,3778,0,0,0,1,1,0,1,0,1,0,1,1,4,1,0,0,0,3,1444673,2,8821147,6500000,9,https://www.bobaedream.co.kr/mycar/mycar_view.php?no=2161889&gubun=K
482,현대 뉴 에쿠스,200910,190131,2,3778,0,0,0,1,1,1,1,0,1,0,1,1,1,0,0,0,0,2,6606300,1,1043203,7000000,10,https://www.bobaedream.co.kr/mycar/mycar_view.php?no=2162862&gubun=K
483,현대 뉴 에쿠스,200908,146399,2,3778,0,1,0,1,1,1,1,0,1,0,1,1,1,0,0,0,0,4,20037920,4,8641480,7500000,9,https://www.bobaedream.co.kr/mycar/mycar_view.php?no=2155238&gubun=K
484,현대 뉴 에쿠스,200909,147982,2,3778,2,0,0,1,1,1,1,1,1,0,1,1,6,0,0,0,0,4,24915332,1,1247792,6700000,8,https://www.bobaedream.co.kr/mycar/mycar_view.php?no=2160559&gubun=K
485,현대 뉴 에쿠스,201204,89000,2,3778,0,1,0,1,1,1,1,0,1,0,1,1,4,0,0,0,0,3,19166348,0,0,11500000,17,https://www.bobaedream.co.kr/mycar/mycar_view.php?no=2162167&gubun=K
486,현대 뉴 에쿠스,200907,188730,2,3778,0,0,0,1,1,0,0,0,1,0,1,1,7,0,0,0,0,3,4936236,2,882706,9100000,9,https://www.bobaedream.co.kr/mycar/mycar_view.php?no=2160686&gubun=K
487,현대 뉴 에쿠스,200904,188861,2,3778,0,0,0,1,1,0,0,0,0,0,1,1,4,0,0,0,0,6,2655686,1,231070,7600000,11,https://www.bobaedream.co.kr/mycar/mycar_view.php?no=2157486&gubun=K
488,현대 뉴 에쿠스,201207,258524,2,3778,0,0,0,0,1,1,1,0,1,0,1,1,0,0,0,0,0,2,1414150,2,2505240,6980000,9,https://www.bobaedream.co.kr/mycar/mycar_view.php?no=2157532&gubun=K
493,현대 뉴 에쿠스,200912,240000,2,3778,0,0,0,1,1,1,1,0,1,0,1,1,2,0,0,0,0,6,6986620,5,3750400,5200000,7,https://www.bobaedream.co.kr/mycar/mycar_view.php?no=2162781&gubun=K
495,현대 뉴 에쿠스,201107,226855,2,3778,0,1,0,1,1,1,1,0,1,0,1,1,5,0,0,0,0,8,7551315,3,1541949,5500000,7,https://www.bobaedream.co.kr/mycar/mycar_view.php?no=2158519&gubun=K
496,현대 뉴 에쿠스,201106,156250,2,3778,1,1,0,0,1,1,1,0,1,0,1,1,5,0,0,0,0,0,0,0,0,13600000,18,https://www.bobaedream.co.kr/mycar/mycar_view.php?no=2162760&gubun=K
499,현대 뉴 에쿠스,201004,130000,2,3778,0,0,0,1,1,1,1,0,1,0,1,1,4,0,0,0,0,3,2039788,2,4166580,10500000,13,https://www.bobaedream.co.kr/mycar/mycar_view.php?no=2155495&gubun=K
600,제네시스 G80 ,201802,87770,2,3342,0,0,0,1,1,1,1,1,1,1,1,1,1,0,0,0,0,0,0,0,0,33300000,60,https://www.bobaedream.co.kr/mycar/mycar_view.php?no=2160160&gubun=K
601,제네시스 G80 ,201704,121410,2,3342,0,1,1,1,1,1,1,0,1,0,1,1,3,0,0,0,0,1,1442770,0,0,25990000,54,https://www.bobaedream.co.kr/mycar/mycar_view.php?no=2162374&gubun=K
602,제네시스 G80 ,201802,110950,2,3342,0,0,0,1,1,1,1,1,1,1,1,1,2,0,0,0,0,5,5308969,1,1060470,29990000,49,https://www.bobaedream.co.kr/mycar/mycar_view.php?no=2163033&gubun=K
603,제네시스 G80 ,201709,134647,2,3342,0,0,0,1,1,1,1,0,1,0,1,1,1,0,0,0,0,2,1362850,0,0,24690000,51,https://www.bobaedream.co.kr/mycar/mycar_view.php?no=2163301&gubun=K
604,제네시스 G80 ,201703,58061,2,3778,0,1,1,1,1,1,1,1,1,1,1,1,6,0,0,0,0,1,1268720,2,1897586,36300000,58,https://www.bobaedream.co.kr/mycar/mycar_view.php?no=2163471&gubun=K
607,제네시스 G80 3.8,201612,45674,2,3778,5,1,1,0,0,0,0,0,0,0,0,1,1,0,0,0,0,0,0,0,0,36890000,51,https://www.bobaedream.co.kr/mycar/mycar_view.php?no=2161710&gubun=K
608,제네시스 더 올,202006,32369,2,2497,2,0,0,1,1,1,1,0,1,0,1,1,1,0,0,0,0,0,0,0,0,57300000,103,https://www.bobaedream.co.kr/mycar/mycar_view.php?no=2151294&gubun=K
609,제네시스 더 올,202006,37914,2,2497,0,0,0,1,1,1,1,0,1,0,1,1,1,0,0,0,0,1,513110,0,0,54900000,99,https://www.bobaedream.co.kr/mycar/mycar_view.php?no=2152017&gubun=K
610,제네시스 더 올,202005,34256,2,3470,2,0,0,1,1,1,1,0,1,0,1,1,2,2,0,0,0,2,27375500,0,0,50800000,82,https://www.bobaedream.co.kr/mycar/mycar_view.php?no=2152035&gubun=K
611,제네시스 G80 3.3,201708,76425,2,3342,1,1,1,0,0,0,0,0,0,0,0,1,2,0,0,0,0,3,16516793,4,5832494,29500000,61,https://www.bobaedream.co.kr/mycar/mycar_view.php?no=2153771&gubun=K
614,제네시스 G80 3.3,201810,54901,2,3342,3,1,1,0,0,0,0,0,0,0,0,1,1,0,0,0,0,1,979778,1,773949,31990000,66,https://www.bobaedream.co.kr/mycar/mycar_view.php?no=2162129&gubun=K
615,제네시스 더 올,202009,11935,2,2497,1,1,1,1,1,1,1,0,1,0,1,1,1,0,0,0,0,0,0,0,0,66000000,119,https://www.bobaedream.co.kr/mycar/mycar_view.php?no=2162880&gubun=K
618,제네시스 G80 3.3,201703,67343,2,3342,2,0,0,1,1,1,1,1,1,1,1,1,0,0,0,0,0,1,656468,1,335898,33300000,60,https://www.bobaedream.co.kr/mycar/mycar_view.php?no=2163035&gubun=K
620,제네시스 G80 ,201802,87770,2,3342,0,0,0,1,1,1,1,1,1,1,1,1,1,0,0,0,0,0,0,0,0,33300000,60,https://www.bobaedream.co.kr/mycar/mycar_view.php?no=2160160&gubun=K
621,제네시스 G80 ,201704,121410,2,3342,0,1,1,1,1,1,1,0,1,0,1,1,3,0,0,0,0,1,1442770,0,0,25990000,54,https://www.bobaedream.co.kr/mycar/mycar_view.php?no=2162374&gubun=K
622,제네시스 G80 ,201802,110950,2,3342,0,0,0,1,1,1,1,1,1,1,1,1,2,0,0,0,0,5,5308969,1,1060470,29990000,49,https://www.bobaedream.co.kr/mycar/mycar_view.php?no=2163033&gubun=K
623,제네시스 G80 ,201709,134647,2,3342,0,0,0,1,1,1,1,0,1,0,1,1,1,0,0,0,0,2,1362850,0,0,24690000,51,https://www.bobaedream.co.kr/mycar/mycar_view.php?no=2163301&gubun=K
624,제네시스 G80 ,201703,58061,2,3778,0,1,1,1,1,1,1,1,1,1,1,1,6,0,0,0,0,1,1268720,2,1897586,36300000,58,https://www.bobaedream.co.kr/mycar/mycar_view.php?no=2163471&gubun=K
627,제네시스 G80 3.8,201612,45674,2,3778,5,1,1,0,0,0,0,0,0,0,0,1,1,0,0,0,0,0,0,0,0,36890000,51,https://www.bobaedream.co.kr/mycar/mycar_view.php?no=2161710&gubun=K
628,제네시스 더 올,202006,32369,2,2497,2,0,0,1,1,1,1,0,1,0,1,1,1,0,0,0,0,0,0,0,0,57300000,103,https://www.bobaedream.co.kr/mycar/mycar_view.php?no=2151294&gubun=K
629,제네시스 더 올,202006,37914,2,2497,0,0,0,1,1,1,1,0,1,0,1,1,1,0,0,0,0,1,513110,0,0,54900000,99,https://www.bobaedream.co.kr/mycar/mycar_view.php?no=2152017&gubun=K
630,제네시스 더 올,202005,34256,2,3470,2,0,0,1,1,1,1,0,1,0,1,1,2,2,0,0,0,2,27375500,0,0,50800000,82,https://www.bobaedream.co.kr/mycar/mycar_view.php?no=2152035&gubun=K
631,제네시스 G80 3.3,201708,76425,2,3342,1,1,1,0,0,0,0,0,0,0,0,1,2,0,0,0,0,3,16516793,4,5832494,29500000,61,https://www.bobaedream.co.kr/mycar/mycar_view.php?no=2153771&gubun=K
634,제네시스 G80 3.3,201810,54901,2,3342,3,1,1,0,0,0,0,0,0,0,0,1,1,0,0,0,0,1,979778,1,773949,31990000,66,https://www.bobaedream.co.kr/mycar/mycar_view.php?no=2162129&gubun=K
635,제네시스 더 올,202009,11935,2,2497,1,1,1,1,1,1,1,0,1,0,1,1,1,0,0,0,0,0,0,0,0,66000000,119,https://www.bobaedream.co.kr/mycar/mycar_view.php?no=2162880&gubun=K
638,제네시스 G80 3.3,201703,67343,2,3342,2,0,0,1,1,1,1,1,1,1,1,1,0,0,0,0,0,1,656468,1,335898,33300000,60,https://www.bobaedream.co.kr/mycar/mycar_view.php?no=2163035&gubun=K
642,제네시스 G80 3.3,201806,45690,2,3342,0,0,0,1,1,1,1,0,1,1,1,1,1,0,0,0,0,0,0,0,0,32800000,68,https://www.bobaedream.co.kr/mycar/mycar_view.php?no=2149566&gubun=K
643,제네시스 G80 3.3,201903,60533,2,3342,0,0,0,1,1,1,1,0,1,0,1,1,2,0,0,0,0,0,0,0,0,33600000,69,https://www.bobaedream.co.kr/mycar/mycar_view.php?no=2159685&gubun=K
648,제네시스 G80 3.3,201712,97000,2,3342,0,0,0,1,1,1,1,1,1,1,1,1,2,0,0,0,0,4,6351926,4,8056536,24500000,41,https://www.bobaedream.co.kr/mycar/mycar_view.php?no=2155338&gubun=K
649,제네시스 더 올,202103,23161,2,3470,0,1,0,1,1,1,1,0,1,0,1,1,1,0,0,0,0,1,11419088,0,0,52000000,84,https://www.bobaedream.co.kr/mycar/mycar_view.php?no=2149612&gubun=K
652,제네시스 더 올,202004,22392,2,2497,2,1,0,1,1,1,1,0,1,0,1,1,2,1,0,0,0,1,41620000,3,3800920,43990000,83,https://www.bobaedream.co.kr/mycar/mycar_view.php?no=2162281&gubun=K
653,제네시스 G80 3.3,201702,61159,2,3342,0,1,1,1,1,1,1,1,1,0,1,1,6,1,0,0,0,10,104854012,3,15480493,28900000,43,https://www.bobaedream.co.kr/mycar/mycar_view.php?no=2157221&gubun=K
654,제네시스 G80 3.3,201611,133731,2,3342,4,0,0,1,1,1,1,0,1,0,1,1,2,0,0,0,0,0,0,3,3331595,19690000,40,https://www.bobaedream.co.kr/mycar/mycar_view.php?no=2158939&gubun=K
655,제네시스 G80 3.3,201810,43592,2,3342,2,0,0,1,1,1,1,1,1,1,1,1,2,1,0,0,0,1,21950000,1,2167000,24900000,45,https://www.bobaedream.co.kr/mycar/mycar_view.php?no=2159956&gubun=K
657,제네시스 G80 ,201609,27540,2,3342,2,0,0,1,1,1,1,0,1,0,1,1,3,0,0,0,0,1,539540,0,0,29900000,62,https://www.bobaedream.co.kr/mycar/mycar_view.php?no=2157837&gubun=K
658,제네시스 G80 ,201802,27539,2,3342,0,0,0,1,1,1,1,1,1,1,1,1,2,0,0,0,0,0,0,0,0,38900000,66,https://www.bobaedream.co.kr/mycar/mycar_view.php?no=2157839&gubun=K
659,제네시스 G80 ,201803,65254,2,3342,0,0,0,1,1,1,1,0,1,0,1,1,3,0,0,0,0,1,460589,0,0,29800000,61,https://www.bobaedream.co.kr/mycar/mycar_view.php?no=2162314&gubun=K
660,제네시스 G80 3.3,201712,90788,2,3342,0,1,0,1,1,1,1,0,1,0,1,1,1,0,0,0,0,1,426620,0,0,19900000,40,https://www.bobaedream.co.kr/mycar/mycar_view.php?no=2158393&gubun=K
661,제네시스 G80 3.8,201904,110791,2,3778,0,1,0,1,1,1,1,1,1,1,1,1,1,0,0,0,0,0,0,0,0,33100000,52,https://www.bobaedream.co.kr/mycar/mycar_view.php?no=2158298&gubun=K
662,제네시스 G80 ,201703,171700,2,3342,0,0,0,1,1,1,1,1,1,1,1,1,3,0,0,0,0,1,2334796,0,0,25000000,45,https://www.bobaedream.co.kr/mycar/mycar_view.php?no=2156681&gubun=K
663,제네시스 G80 3.3,201810,29687,2,3342,2,1,1,1,1,1,1,1,1,1,1,1,2,0,0,0,0,2,653172,0,0,40900000,68,https://www.bobaedream.co.kr/mycar/mycar_view.php?no=2151101&gubun=K
664,제네시스 G80 3.3,201704,34693,2,3342,1,0,0,1,1,1,1,0,1,0,1,1,1,0,0,0,0,3,3224922,0,0,31500000,65,https://www.bobaedream.co.kr/mycar/mycar_view.php?no=2162949&gubun=K
665,제네시스 더 올,202008,10250,2,2497,5,1,0,1,1,1,1,1,1,1,1,1,2,0,0,0,0,0,0,0,0,59500000,107,https://www.bobaedream.co.kr/mycar/mycar_view.php?no=2162918&gubun=K
666,제네시스 G80 3.3,201808,35750,2,3342,0,1,0,1,1,1,1,1,1,1,1,1,2,0,0,0,0,1,1145000,0,0,40500000,66,https://www.bobaedream.co.kr/mycar/mycar_view.php?no=2162157&gubun=K
670,제네시스 더 올,202007,12130,2,2497,5,1,0,1,1,1,1,0,1,0,1,1,1,0,0,0,0,0,0,0,0,55900000,101,https://www.bobaedream.co.kr/mycar/mycar_view.php?no=2155959&gubun=K
671,제네시스 더 올,202102,24866,2,2497,0,1,0,1,1,1,1,0,1,0,1,1,1,0,0,0,0,0,0,0,0,55900000,101,https://www.bobaedream.co.kr/mycar/mycar_view.php?no=2155961&gubun=K
672,제네시스 더 올,202009,30331,2,2497,1,1,0,1,1,1,1,0,1,0,1,1,2,0,0,0,0,0,0,0,0,58300000,105,https://www.bobaedream.co.kr/mycar/mycar_view.php?no=2155962&gubun=K
676,제네시스 G80 ,201803,94680,2,3342,2,0,1,1,1,1,1,1,1,1,1,1,2,0,0,0,0,0,0,0,0,34590000,62,https://www.bobaedream.co.kr/mycar/mycar_view.php?no=2161782&gubun=K
678,제네시스 G80 3.3,201802,16382,2,3342,0,1,0,1,1,1,1,0,1,0,1,1,1,0,0,0,0,2,1758869,0,0,34500000,70,https://www.bobaedream.co.kr/mycar/mycar_view.php?no=2159327&gubun=K
682,기아 올 뉴,201604,90913,2,3342,0,0,0,1,1,1,1,0,1,0,1,1,5,0,0,0,0,2,1245293,0,0,17990000,51,https://www.bobaedream.co.kr/mycar/mycar_view.php?no=2134705&gubun=K
685,기아 올 뉴,201708,53122,2,3342,5,1,1,1,1,1,1,0,1,1,1,1,3,0,0,0,0,2,1250050,2,1029553,21990000,55,https://www.bobaedream.co.kr/mycar/mycar_view.php?no=2159540&gubun=K
686,기아 올 뉴,201801,37829,2,2359,0,1,0,1,1,1,1,0,1,0,1,1,1,0,0,0,0,1,5360426,0,0,17400000,57,https://www.bobaedream.co.kr/mycar/mycar_view.php?no=2163127&gubun=K
691,기아 K7 2.7,201004,174711,2,2656,0,1,1,0,1,1,1,1,1,0,0,1,0,0,0,0,0,4,1258281,1,395626,4990000,14,https://www.bobaedream.co.kr/mycar/mycar_view.php?no=2161464&gubun=K
692,기아 올 뉴,201811,22797,2,2359,3,0,0,1,1,1,1,0,1,0,1,1,1,0,0,0,0,1,1425200,0,0,21500000,65,https://www.bobaedream.co.kr/mycar/mycar_view.php?no=2157622&gubun=K
694,기아 K7 프리미어,201910,41803,2,2999,1,1,1,1,1,1,1,0,1,0,1,1,1,0,0,0,0,1,1654396,0,0,34900000,91,https://www.bobaedream.co.kr/mycar/mycar_view.php?no=2163302&gubun=K
696,기아 올 뉴,201606,48169,2,3342,0,0,0,1,1,0,1,0,1,0,1,1,4,0,0,0,0,4,6503231,1,2154487,18200000,52,https://www.bobaedream.co.kr/mycar/mycar_view.php?no=2162986&gubun=K
697,기아 더 뉴,201302,89432,2,2359,0,1,1,1,1,0,1,0,0,0,1,1,2,0,0,0,0,5,10540450,2,1065497,10500000,33,https://www.bobaedream.co.kr/mycar/mycar_view.php?no=2163179&gubun=K
702,기아 올 뉴,201604,90913,2,3342,0,0,0,1,1,1,1,0,1,0,1,1,5,0,0,0,0,2,1245293,0,0,17990000,51,https://www.bobaedream.co.kr/mycar/mycar_view.php?no=2134705&gubun=K
705,기아 올 뉴,201708,53122,2,3342,5,1,1,1,1,1,1,0,1,1,1,1,3,0,0,0,0,2,1250050,2,1029553,21990000,55,https://www.bobaedream.co.kr/mycar/mycar_view.php?no=2159540&gubun=K
706,기아 올 뉴,201801,37829,2,2359,0,1,0,1,1,1,1,0,1,0,1,1,1,0,0,0,0,1,5360426,0,0,17400000,57,https://www.bobaedream.co.kr/mycar/mycar_view.php?no=2163127&gubun=K
711,기아 K7 2.7,201004,174711,2,2656,0,1,1,0,1,1,1,1,1,0,0,1,0,0,0,0,0,4,1258281,1,395626,4990000,14,https://www.bobaedream.co.kr/mycar/mycar_view.php?no=2161464&gubun=K
712,기아 올 뉴,201811,22797,2,2359,3,0,0,1,1,1,1,0,1,0,1,1,1,0,0,0,0,1,1425200,0,0,21500000,65,https://www.bobaedream.co.kr/mycar/mycar_view.php?no=2157622&gubun=K
714,기아 K7 프리미어,201910,41803,2,2999,1,1,1,1,1,1,1,0,1,0,1,1,1,0,0,0,0,1,1654396,0,0,34900000,91,https://www.bobaedream.co.kr/mycar/mycar_view.php?no=2163302&gubun=K
716,기아 올 뉴,201606,48169,2,3342,0,0,0,1,1,0,1,0,1,0,1,1,4,0,0,0,0,4,6503231,1,2154487,18200000,52,https://www.bobaedream.co.kr/mycar/mycar_view.php?no=2162986&gubun=K
717,기아 더 뉴,201302,89432,2,2359,0,1,1,1,1,0,1,0,0,0,1,1,2,0,0,0,0,5,10540450,2,1065497,10500000,33,https://www.bobaedream.co.kr/mycar/mycar_view.php?no=2163179&gubun=K
722,기아 더 뉴,201301,101370,2,2999,1,1,1,0,1,1,1,0,0,1,1,1,5,1,0,0,0,3,21899852,2,1190948,7500000,21,https://www.bobaedream.co.kr/mycar/mycar_view.php?no=2161636&gubun=K
725,기아 더 뉴,201212,115833,2,2359,0,1,1,1,1,1,1,0,1,0,1,1,5,0,0,0,0,3,6833748,7,19896940,9600000,31,https://www.bobaedream.co.kr/mycar/mycar_view.php?no=2154202&gubun=K
726,기아 올 뉴,201606,82741,0,2199,2,0,0,1,1,1,1,1,1,1,0,1,4,0,0,0,0,0,0,0,0,17400000,52,https://www.bobaedream.co.kr/mycar/mycar_view.php?no=2158333&gubun=K
727,기아 K7 프리미어,201910,97181,2,2497,0,0,0,1,1,1,1,0,1,1,1,1,2,0,0,0,0,3,2805417,4,8081796,19990000,59,https://www.bobaedream.co.kr/mycar/mycar_view.php?no=2161326&gubun=K
728,기아 올 뉴,201803,65626,2,2359,0,0,0,1,1,1,1,0,1,0,1,1,1,0,0,0,0,0,0,0,0,16600000,54,https://www.bobaedream.co.kr/mycar/mycar_view.php?no=2161626&gubun=K
729,기아 K7 프리미어,201910,71154,2,2497,0,1,0,1,1,1,1,0,0,0,1,1,2,0,0,0,0,0,0,11,11459734,22000000,70,https://www.bobaedream.co.kr/mycar/mycar_view.php?no=2154422&gubun=K
730,기아 올 뉴,201612,146000,2,3342,0,1,0,1,1,1,1,1,1,1,1,1,1,0,0,0,0,2,5544430,2,1646380,15490000,42,https://www.bobaedream.co.kr/mycar/mycar_view.php?no=2156842&gubun=K
733,기아 올 뉴,201610,57287,2,2359,0,0,0,1,1,0,1,0,1,0,1,1,4,0,0,0,0,1,1334718,0,0,16990000,54,https://www.bobaedream.co.kr/mycar/mycar_view.php?no=2160292&gubun=K
734,기아 올 뉴,201612,75658,2,2359,0,0,0,1,1,0,0,0,0,0,1,1,0,0,0,0,0,2,2884479,4,6595158,15900000,51,https://www.bobaedream.co.kr/mycar/mycar_view.php?no=2160305&gubun=K
735,기아 올 뉴,201803,101393,2,3342,2,0,0,1,1,1,1,0,1,0,1,1,1,0,0,0,0,1,13132338,0,0,15990000,43,https://www.bobaedream.co.kr/mycar/mycar_view.php?no=2160876&gubun=K
737,기아 K7 3.5,201006,144601,2,3470,1,1,1,0,1,1,1,1,1,0,1,1,2,0,0,0,0,3,1865998,1,1227660,6300000,15,https://www.bobaedream.co.kr/mycar/mycar_view.php?no=2162586&gubun=K
738,기아 올 뉴,201605,79998,2,3342,0,0,0,1,1,0,1,0,1,0,1,1,0,0,0,0,0,0,0,0,0,17900000,51,https://www.bobaedream.co.kr/mycar/mycar_view.php?no=2162687&gubun=K
739,기아 올 뉴,201809,49069,2,2359,4,1,0,1,1,1,1,0,1,0,1,1,2,0,0,0,0,1,4186178,0,0,16790000,55,https://www.bobaedream.co.kr/mycar/mycar_view.php?no=2163012&gubun=K
741,기아 올 뉴,201608,91172,2,3342,5,0,0,0,1,0,0,0,0,0,1,1,4,0,0,0,0,4,2814618,2,5304098,17300000,49,https://www.bobaedream.co.kr/mycar/mycar_view.php?no=2163256&gubun=K
742,기아 올 뉴,201809,103196,1,2999,0,0,0,1,1,1,1,0,1,0,1,1,1,0,0,0,0,0,0,2,1481280,14700000,54,https://www.bobaedream.co.kr/mycar/mycar_view.php?no=2163196&gubun=K
743,기아 올 뉴,201608,58271,2,2359,0,0,0,0,1,0,0,0,0,0,1,1,2,0,0,0,0,2,3853548,2,5199412,16590000,53,https://www.bobaedream.co.kr/mycar/mycar_view.php?no=2163203&gubun=K
744,기아 더 뉴,201303,161034,2,2359,0,0,1,1,1,1,1,0,1,0,1,1,4,0,0,0,0,5,13899318,2,2475507,7700000,24,https://www.bobaedream.co.kr/mycar/mycar_view.php?no=2155844&gubun=K
745,기아 K7 2.7,201001,202274,2,2656,2,0,0,1,0,0,1,0,1,0,0,1,8,0,0,0,0,5,2065660,1,292000,4790000,14,https://www.bobaedream.co.kr/mycar/mycar_view.php?no=2160637&gubun=K
746,기아 K7 2.4,201001,181231,2,2359,1,1,0,1,0,0,1,0,1,0,1,1,6,0,0,0,0,9,9085561,7,5176278,4390000,14,https://www.bobaedream.co.kr/mycar/mycar_view.php?no=2161407&gubun=K
747,기아 더 뉴,201306,154683,2,2999,0,0,0,0,1,1,1,0,0,1,1,1,2,0,0,0,0,8,13939236,4,15453690,7500000,21,https://www.bobaedream.co.kr/mycar/mycar_view.php?no=2162264&gubun=K
749,기아 올 뉴,201806,41000,1,2999,1,1,0,1,1,1,1,0,0,0,1,1,5,0,0,0,0,0,0,0,0,15900000,48,https://www.bobaedream.co.kr/mycar/mycar_view.php?no=2159341&gubun=K
750,기아 K7 2.7,201101,114000,2,2656,1,1,1,1,1,1,1,1,1,0,0,1,5,0,0,0,0,3,4281398,1,1240000,4500000,13,https://www.bobaedream.co.kr/mycar/mycar_view.php?no=2155316&gubun=K
756,기아 K7 프리미어,202001,61000,2,2497,2,0,0,1,1,1,1,1,1,1,1,1,0,0,0,0,0,0,0,0,0,28500000,80,https://www.bobaedream.co.kr/mycar/mycar_view.php?no=2161575&gubun=K
757,기아 더 뉴,201401,99506,2,2359,5,0,1,1,1,1,1,0,1,0,1,1,5,0,0,0,0,1,1203151,0,0,12790000,40,https://www.bobaedream.co.kr/mycar/mycar_view.php?no=2156058&gubun=K
758,기아 올 뉴,201808,50105,0,2199,0,0,0,1,1,1,1,0,1,0,1,1,1,1,0,0,0,3,20868291,2,8140000,17900000,49,https://www.bobaedream.co.kr/mycar/mycar_view.php?no=2163446&gubun=K
759,기아 올 뉴,201602,171000,2,2359,0,0,0,0,1,0,0,0,0,0,1,1,2,0,0,0,0,1,592130,0,0,10890000,35,https://www.bobaedream.co.kr/mycar/mycar_view.php?no=2163460&gubun=K
762,기아 올 뉴,201602,89358,2,3342,0,0,0,0,1,0,0,0,0,0,1,1,5,0,0,0,0,2,5487654,3,4768910,17990000,45,https://www.bobaedream.co.kr/mycar/mycar_view.php?no=2141666&gubun=K
763,기아 K7 프리미어,202002,101500,2,2999,0,0,0,1,1,1,1,0,1,1,1,1,1,0,0,0,0,3,4079364,1,304000,24990000,69,https://www.bobaedream.co.kr/mycar/mycar_view.php?no=2155186&gubun=K
764,기아 K7 2.7,200912,82524,2,2656,3,1,1,0,0,1,1,1,1,0,0,1,1,0,0,0,0,2,699370,0,0,6700000,18,https://www.bobaedream.co.kr/mycar/mycar_view.php?no=2157052&gubun=K
765,기아 K7 2.7,201005,168471,2,2656,1,0,0,1,1,1,1,1,1,0,0,1,2,0,0,0,0,5,4111494,2,1325100,4990000,14,https://www.bobaedream.co.kr/mycar/mycar_view.php?no=2157708&gubun=K
769,기아 K7 3.5,201003,150000,2,3470,0,0,0,1,1,1,1,1,1,0,1,1,4,0,0,0,0,7,6529117,0,0,5500000,13,https://www.bobaedream.co.kr/mycar/mycar_view.php?no=2152741&gubun=K
771,기아 K7 2.7,201004,233542,2,2359,0,1,1,0,0,0,1,0,1,0,0,1,4,0,0,0,0,3,6094526,2,5137300,3700000,12,https://www.bobaedream.co.kr/mycar/mycar_view.php?no=2135923&gubun=K
777,기아 더 프레스티지,201110,139888,2,2359,1,1,1,0,1,1,1,0,1,0,0,1,3,0,0,0,0,6,2857176,0,0,6200000,20,https://www.bobaedream.co.kr/mycar/mycar_view.php?no=2159343&gubun=K
787,기아 더 뉴,202012,19558,0,2497,1,0,0,1,0,0,1,0,0,0,0,1,1,0,0,0,0,0,0,0,0,19900000,115,https://www.bobaedream.co.kr/mycar/mycar_view.php?no=2162989&gubun=K
807,기아 더 뉴,202012,19558,0,2497,1,0,0,1,0,0,1,0,0,0,0,1,1,0,0,0,0,0,0,0,0,19900000,115,https://www.bobaedream.co.kr/mycar/mycar_view.php?no=2162989&gubun=K
860,기아 그랜드 카니발,200805,146480,0,2902,1,1,0,1,0,0,0,0,1,0,0,1,3,0,0,0,0,5,5518510,2,1655358,3990000,16,https://www.bobaedream.co.kr/mycar/mycar_view.php?no=2152798&gubun=K
862,기아 더 뉴,201901,36000,0,2199,1,0,0,1,0,1,1,0,1,1,1,1,0,0,0,0,0,0,0,0,0,34800000,84,https://www.bobaedream.co.kr/mycar/mycar_view.php?no=2161532&gubun=K
863,기아 그랜드 카니발,200809,120000,0,2902,0,0,0,1,0,0,1,0,1,0,1,1,2,0,0,0,0,1,392690,0,0,5200000,20,https://www.bobaedream.co.kr/mycar/mycar_view.php?no=2162621&gubun=K
864,기아 올 뉴,201801,42000,0,2199,5,1,1,1,1,1,1,0,1,0,1,1,0,0,0,0,0,0,0,0,0,26500000,71,https://www.bobaedream.co.kr/mycar/mycar_view.php?no=2162802&gubun=K
867,기아 올 뉴,201802,56000,0,2199,0,0,0,1,1,1,1,0,1,0,1,1,2,0,0,0,0,1,145010,1,575550,23600000,69,https://www.bobaedream.co.kr/mycar/mycar_view.php?no=2155357&gubun=K
872,기아 올 뉴,201712,78156,0,2199,0,1,0,1,1,1,1,0,1,0,1,1,4,0,0,0,0,5,9182687,0,0,17390000,57,https://www.bobaedream.co.kr/mycar/mycar_view.php?no=2162569&gubun=K
873,기아 더 뉴,201804,79589,0,2199,0,1,0,1,1,1,1,0,1,0,1,1,1,0,0,0,0,5,9673450,2,3267850,18400000,58,https://www.bobaedream.co.kr/mycar/mycar_view.php?no=2162603&gubun=K
874,기아 더 뉴,201901,63731,0,2199,2,0,0,1,1,1,1,1,1,1,1,1,2,1,0,0,0,2,175788,1,0,22500000,57,https://www.bobaedream.co.kr/mycar/mycar_view.php?no=2151543&gubun=K
880,기아 그랜드 카니발,200805,146480,0,2902,1,1,0,1,0,0,0,0,1,0,0,1,3,0,0,0,0,5,5518510,2,1655358,3990000,16,https://www.bobaedream.co.kr/mycar/mycar_view.php?no=2152798&gubun=K
882,기아 더 뉴,201901,36000,0,2199,1,0,0,1,0,1,1,0,1,1,1,1,0,0,0,0,0,0,0,0,0,34800000,84,https://www.bobaedream.co.kr/mycar/mycar_view.php?no=2161532&gubun=K
883,기아 그랜드 카니발,200809,120000,0,2902,0,0,0,1,0,0,1,0,1,0,1,1,2,0,0,0,0,1,392690,0,0,5200000,20,https://www.bobaedream.co.kr/mycar/mycar_view.php?no=2162621&gubun=K
884,기아 올 뉴,201801,42000,0,2199,5,1,1,1,1,1,1,0,1,0,1,1,0,0,0,0,0,0,0,0,0,26500000,71,https://www.bobaedream.co.kr/mycar/mycar_view.php?no=2162802&gubun=K
887,기아 올 뉴,201802,56000,0,2199,0,0,0,1,1,1,1,0,1,0,1,1,2,0,0,0,0,1,145010,1,575550,23600000,69,https://www.bobaedream.co.kr/mycar/mycar_view.php?no=2155357&gubun=K
892,기아 올 뉴,201712,78156,0,2199,0,1,0,1,1,1,1,0,1,0,1,1,4,0,0,0,0,5,9182687,0,0,17390000,57,https://www.bobaedream.co.kr/mycar/mycar_view.php?no=2162569&gubun=K
893,기아 더 뉴,201804,79589,0,2199,0,1,0,1,1,1,1,0,1,0,1,1,1,0,0,0,0,5,9673450,2,3267850,18400000,58,https://www.bobaedream.co.kr/mycar/mycar_view.php?no=2162603&gubun=K
894,기아 더 뉴,201901,63731,0,2199,2,0,0,1,1,1,1,1,1,1,1,1,2,1,0,0,0,2,175788,1,0,22500000,57,https://www.bobaedream.co.kr/mycar/mycar_view.php?no=2151543&gubun=K
901,기아 더 뉴,201907,34350,0,2199,0,0,0,1,1,1,1,1,1,1,1,1,1,0,0,0,0,0,0,1,122448,42900000,71,https://www.bobaedream.co.kr/mycar/mycar_view.php?no=2163274&gubun=K
902,기아 더 뉴,201902,58252,0,2199,0,0,0,1,1,1,1,1,1,1,1,1,1,0,0,0,0,2,4907678,0,0,33990000,60,https://www.bobaedream.co.kr/mycar/mycar_view.php?no=2163284&gubun=K
903,기아 더 뉴,201803,48458,0,2199,0,0,0,1,1,1,1,1,1,1,1,1,1,0,0,0,0,1,510610,0,0,29900000,76,https://www.bobaedream.co.kr/mycar/mycar_view.php?no=2163288&gubun=K
904,기아 올 뉴,201803,15800,2,3342,0,0,0,1,1,1,1,1,1,1,1,1,2,0,0,0,0,0,0,0,0,49990000,86,https://www.bobaedream.co.kr/mycar/mycar_view.php?no=2163759&gubun=K
907,기아 올 뉴,201509,58815,0,2199,1,1,0,0,0,0,0,0,0,0,0,1,2,0,0,0,0,3,1156080,0,0,20490000,62,https://www.bobaedream.co.kr/mycar/mycar_view.php?no=2153172&gubun=K
908,기아 더 뉴,201812,30118,2,3342,1,0,0,1,1,1,1,1,1,1,1,1,1,0,0,0,0,1,1795184,0,0,38990000,70,https://www.bobaedream.co.kr/mycar/mycar_view.php?no=2153762&gubun=K
909,기아 올 뉴,201511,60447,0,2199,0,1,1,0,0,0,0,0,0,0,0,1,3,0,0,0,0,2,3759203,0,0,21700000,61,https://www.bobaedream.co.kr/mycar/mycar_view.php?no=2159633&gubun=K
910,기아 더 뉴,201807,36557,2,3342,1,0,0,1,1,1,1,1,1,1,1,1,2,0,0,0,0,0,0,1,530760,39300000,71,https://www.bobaedream.co.kr/mycar/mycar_view.php?no=2159991&gubun=K
911,기아 더 뉴,201808,52890,0,2199,1,0,0,1,1,1,1,1,1,1,1,1,1,0,0,0,0,0,0,0,0,38500000,68,https://www.bobaedream.co.kr/mycar/mycar_view.php?no=2159990&gubun=K
914,기아 올 뉴,201701,75732,0,2199,1,1,1,1,1,1,1,1,1,1,1,1,3,0,0,0,0,2,1716812,0,0,24500000,66,https://www.bobaedream.co.kr/mycar/mycar_view.php?no=2161643&gubun=K
915,기아 더 뉴,201905,53268,0,2199,0,1,0,1,0,1,1,0,1,1,1,1,1,0,0,0,0,0,0,1,420346,31900000,77,https://www.bobaedream.co.kr/mycar/mycar_view.php?no=2162121&gubun=K
916,기아 더 뉴,201807,94125,0,2199,1,0,0,0,1,1,1,0,1,0,1,1,1,0,0,0,0,0,0,0,0,22800000,65,https://www.bobaedream.co.kr/mycar/mycar_view.php?no=2149078&gubun=K
917,기아 더 뉴,202007,40825,0,2199,2,0,0,1,0,0,1,0,1,0,1,1,1,0,0,0,0,0,0,0,0,27600000,79,https://www.bobaedream.co.kr/mycar/mycar_view.php?no=2161031&gubun=K
920,기아 더 뉴,201809,41167,0,2199,1,1,0,1,1,1,1,0,1,0,1,1,1,0,0,0,0,2,8967650,1,517230,25500000,66,https://www.bobaedream.co.kr/mycar/mycar_view.php?no=2162215&gubun=K
930,기아 올 뉴,201602,130000,0,2199,1,0,0,1,1,1,1,1,1,1,1,1,3,0,0,0,0,2,7944028,2,13848996,21500000,39,https://www.bobaedream.co.kr/mycar/mycar_view.php?no=2159315&gubun=K
931,기아 올 뉴,201409,126352,0,2199,1,0,0,0,1,1,1,0,1,0,1,1,5,0,0,0,0,5,13028894,3,3698933,15200000,46,https://www.bobaedream.co.kr/mycar/mycar_view.php?no=2163003&gubun=K
934,기아 카니발 4세대,202103,26402,2,3470,0,1,0,1,1,1,1,1,1,0,1,1,0,0,0,0,0,0,0,0,0,34200000,108,https://www.bobaedream.co.kr/mycar/mycar_view.php?no=2163622&gubun=K
938,기아 더 뉴,201901,71055,0,2199,0,0,0,1,1,0,1,0,1,0,1,1,2,0,0,0,0,1,860248,1,1209777,21990000,69,https://www.bobaedream.co.kr/mycar/mycar_view.php?no=2163011&gubun=K
939,기아 더 뉴,201809,113723,0,2199,0,0,0,1,1,1,1,0,1,0,1,1,1,0,0,0,0,0,0,3,4799480,20990000,66,https://www.bobaedream.co.kr/mycar/mycar_view.php?no=2161551&gubun=K
940,기아 올 뉴,201612,58855,0,2199,4,0,0,0,1,1,1,0,1,0,0,1,2,0,0,0,0,2,1586130,2,1951179,21300000,63,https://www.bobaedream.co.kr/mycar/mycar_view.php?no=2161078&gubun=K
943,기아 카니발 4세대,202106,28000,0,2151,2,1,0,1,1,1,1,1,1,1,1,1,0,0,0,0,0,0,0,0,0,39990000,107,https://www.bobaedream.co.kr/mycar/mycar_view.php?no=2159466&gubun=K
961,기아 올 뉴,201611,111105,0,2199,0,1,0,1,1,1,1,0,1,0,0,1,0,0,0,1,0,4,11367514,2,1345327,12990000,42,https://www.bobaedream.co.kr/mycar/mycar_view.php?no=2159135&gubun=K
963,기아 더 뉴,201809,66000,0,2199,0,0,0,1,1,1,1,0,1,0,1,1,1,0,0,0,0,1,1992103,0,0,19390000,61,https://www.bobaedream.co.kr/mycar/mycar_view.php?no=2162788&gubun=K
965,기아 올 뉴,201601,107666,0,2199,5,0,0,1,1,1,1,0,1,0,0,1,3,0,0,0,0,2,3910599,1,130000,15700000,52,https://www.bobaedream.co.kr/mycar/mycar_view.php?no=2163560&gubun=K
966,기아 올 뉴,201412,159099,0,2199,0,0,0,1,1,1,1,0,1,0,0,1,8,0,0,0,0,1,820600,1,237048,14490000,44,https://www.bobaedream.co.kr/mycar/mycar_view.php?no=2163563&gubun=K
967,기아 올 뉴,201408,93826,0,2199,1,0,0,1,1,0,1,0,1,0,1,1,3,0,0,0,0,4,4442078,2,1277156,16900000,56,https://www.bobaedream.co.kr/mycar/mycar_view.php?no=2160117&gubun=K
973,기아 올 뉴,201412,193561,0,2199,0,1,0,0,1,0,1,0,1,0,0,1,4,0,0,0,0,0,0,0,0,12500000,41,https://www.bobaedream.co.kr/mycar/mycar_view.php?no=2162755&gubun=K
993,기아 더 뉴,201810,70452,0,2199,1,1,0,1,1,1,1,1,1,1,1,1,2,0,0,0,0,2,3110790,4,6592780,29900000,76,https://www.bobaedream.co.kr/mycar/mycar_view.php?no=2152363&gubun=K
994,기아 올 뉴,201612,40792,0,2199,1,0,0,0,1,1,1,0,1,1,1,1,1,0,0,0,0,0,0,0,0,35000000,63,https://www.bobaedream.co.kr/mycar/mycar_view.php?no=2152952&gubun=K
995,기아 더 뉴,201812,66189,0,2199,0,0,0,1,1,1,1,0,1,0,1,1,1,0,0,0,0,1,1133160,0,0,35400000,66,https://www.bobaedream.co.kr/mycar/mycar_view.php?no=2152954&gubun=K
996,기아 더 뉴,201907,32053,0,2199,0,0,0,1,1,1,1,1,1,1,1,1,1,0,0,0,0,2,2501550,1,1363780,40200000,71,https://www.bobaedream.co.kr/mycar/mycar_view.php?no=2154259&gubun=K
997,기아 더 뉴,201810,28127,0,2199,1,0,0,1,1,1,1,1,1,1,1,1,3,0,0,0,0,1,1035830,1,398610,42200000,75,https://www.bobaedream.co.kr/mycar/mycar_view.php?no=2154260&gubun=K
1000,기아 더 뉴,201812,108656,0,2199,1,0,0,1,1,1,1,1,1,1,1,1,1,0,0,0,0,1,1115920,2,1080158,34990000,62,https://www.bobaedream.co.kr/mycar/mycar_view.php?no=2161781&gubun=K
1007,기아 더 뉴,201903,152779,2,3342,1,0,0,1,1,1,1,1,1,1,1,1,1,0,0,0,0,1,1208877,0,0,33990000,61,https://www.bobaedream.co.kr/mycar/mycar_view.php?no=2161205&gubun=K
1059,기아 더 뉴,201904,111632,1,1999,1,0,0,1,0,1,1,0,1,0,1,1,3,0,0,0,0,0,0,1,4166300,13990000,73,https://www.bobaedream.co.kr/mycar/mycar_view.php?no=2151975&gubun=K
1060,기아 더 뉴,201808,93017,1,1999,1,0,0,1,0,0,1,0,1,0,1,1,1,0,0,0,0,1,564869,0,0,14990000,78,https://www.bobaedream.co.kr/mycar/mycar_view.php?no=2152236&gubun=K
1062,기아 더 뉴,201901,126932,1,1999,0,0,0,1,0,0,1,0,1,0,0,1,1,0,0,0,0,0,0,1,656300,12990000,67,https://www.bobaedream.co.kr/mycar/mycar_view.php?no=2153168&gubun=K
1063,기아 더 뉴,201901,164636,1,1999,5,0,0,1,0,0,1,0,1,0,1,1,1,0,0,0,0,0,0,3,1324494,11690000,61,https://www.bobaedream.co.kr/mycar/mycar_view.php?no=2158255&gubun=K
1067,기아 K5 2.0,201009,126262,2,1998,1,0,1,1,1,0,1,0,1,0,1,1,4,0,0,0,0,3,4552490,3,2976960,6800000,26,https://www.bobaedream.co.kr/mycar/mycar_view.php?no=2160030&gubun=K
1069,기아 더 뉴,201809,122531,1,1999,5,0,0,1,0,0,1,0,1,0,1,1,1,0,0,0,0,1,308232,0,0,12800000,66,https://www.bobaedream.co.kr/mycar/mycar_view.php?no=2157205&gubun=K
1070,기아 더 뉴,201404,119000,2,1999,0,0,0,1,1,0,1,0,1,0,1,1,3,0,0,0,0,0,0,0,0,9100000,36,https://www.bobaedream.co.kr/mycar/mycar_view.php?no=2163050&gubun=K
1071,기아 더 뉴,201309,124000,2,1999,5,1,1,1,1,0,1,0,1,0,1,1,1,0,0,0,0,7,3427398,2,2020400,9900000,40,https://www.bobaedream.co.kr/mycar/mycar_view.php?no=2163051&gubun=K
1072,기아 더 뉴,201901,117305,1,1999,1,0,0,1,0,0,1,0,1,0,1,1,1,0,0,0,0,2,11047171,2,2967260,8790000,45,https://www.bobaedream.co.kr/mycar/mycar_view.php?no=2161005&gubun=K
1073,기아 K5 2.0,202002,37170,1,1999,1,0,0,1,0,0,1,0,1,0,0,1,2,0,0,0,0,2,2433861,5,6077420,17500000,83,https://www.bobaedream.co.kr/mycar/mycar_view.php?no=2161006&gubun=K
1074,기아 K5 2세대,201607,17454,0,1685,1,0,0,1,0,1,1,0,1,0,1,1,6,0,0,0,0,0,0,2,6391984,12500000,42,https://www.bobaedream.co.kr/mycar/mycar_view.php?no=2161449&gubun=K
1075,기아 더 뉴,201810,47307,2,1591,0,1,1,1,1,1,1,0,1,0,1,1,1,0,0,0,0,2,13936310,1,4258670,17800000,58,https://www.bobaedream.co.kr/mycar/mycar_view.php?no=2145935&gubun=K
1076,기아 더 뉴,201911,16284,2,1999,1,1,0,1,0,0,1,0,1,0,1,1,2,1,0,0,0,3,27376837,1,2751300,14900000,59,https://www.bobaedream.co.kr/mycar/mycar_view.php?no=2156628&gubun=K
1078,기아 K5 2.0,201104,170000,2,1998,0,0,1,1,1,0,1,0,1,0,1,1,8,0,0,0,0,4,1706371,2,2185630,3700000,14,https://www.bobaedream.co.kr/mycar/mycar_view.php?no=2141300&gubun=K
1079,기아 더 뉴,201904,111632,1,1999,1,0,0,1,0,1,1,0,1,0,1,1,3,0,0,0,0,0,0,1,4166300,13990000,73,https://www.bobaedream.co.kr/mycar/mycar_view.php?no=2151975&gubun=K
1080,기아 더 뉴,201808,93017,1,1999,1,0,0,1,0,0,1,0,1,0,1,1,1,0,0,0,0,1,564869,0,0,14990000,78,https://www.bobaedream.co.kr/mycar/mycar_view.php?no=2152236&gubun=K
1082,기아 더 뉴,201901,126932,1,1999,0,0,0,1,0,0,1,0,1,0,0,1,1,0,0,0,0,0,0,1,656300,12990000,67,https://www.bobaedream.co.kr/mycar/mycar_view.php?no=2153168&gubun=K
1083,기아 더 뉴,201901,164636,1,1999,5,0,0,1,0,0,1,0,1,0,1,1,1,0,0,0,0,0,0,3,1324494,11690000,61,https://www.bobaedream.co.kr/mycar/mycar_view.php?no=2158255&gubun=K
1087,기아 K5 2.0,201009,126262,2,1998,1,0,1,1,1,0,1,0,1,0,1,1,4,0,0,0,0,3,4552490,3,2976960,6800000,26,https://www.bobaedream.co.kr/mycar/mycar_view.php?no=2160030&gubun=K
1089,기아 더 뉴,201809,122531,1,1999,5,0,0,1,0,0,1,0,1,0,1,1,1,0,0,0,0,1,308232,0,0,12800000,66,https://www.bobaedream.co.kr/mycar/mycar_view.php?no=2157205&gubun=K
1090,기아 더 뉴,201404,119000,2,1999,0,0,0,1,1,0,1,0,1,0,1,1,3,0,0,0,0,0,0,0,0,9100000,36,https://www.bobaedream.co.kr/mycar/mycar_view.php?no=2163050&gubun=K
1091,기아 더 뉴,201309,124000,2,1999,5,1,1,1,1,0,1,0,1,0,1,1,1,0,0,0,0,7,3427398,2,2020400,9900000,40,https://www.bobaedream.co.kr/mycar/mycar_view.php?no=2163051&gubun=K
1092,기아 더 뉴,201901,117305,1,1999,1,0,0,1,0,0,1,0,1,0,1,1,1,0,0,0,0,2,11047171,2,2967260,8790000,45,https://www.bobaedream.co.kr/mycar/mycar_view.php?no=2161005&gubun=K
1093,기아 K5 2.0,202002,37170,1,1999,1,0,0,1,0,0,1,0,1,0,0,1,2,0,0,0,0,2,2433861,5,6077420,17500000,83,https://www.bobaedream.co.kr/mycar/mycar_view.php?no=2161006&gubun=K
1094,기아 K5 2세대,201607,17454,0,1685,1,0,0,1,0,1,1,0,1,0,1,1,6,0,0,0,0,0,0,2,6391984,12500000,42,https://www.bobaedream.co.kr/mycar/mycar_view.php?no=2161449&gubun=K
1095,기아 더 뉴,201810,47307,2,1591,0,1,1,1,1,1,1,0,1,0,1,1,1,0,0,0,0,2,13936310,1,4258670,17800000,58,https://www.bobaedream.co.kr/mycar/mycar_view.php?no=2145935&gubun=K
1096,기아 더 뉴,201911,16284,2,1999,1,1,0,1,0,0,1,0,1,0,1,1,2,1,0,0,0,3,27376837,1,2751300,14900000,59,https://www.bobaedream.co.kr/mycar/mycar_view.php?no=2156628&gubun=K
1098,기아 K5 2.0,201104,170000,2,1998,0,0,1,1,1,0,1,0,1,0,1,1,8,0,0,0,0,4,1706371,2,2185630,3700000,14,https://www.bobaedream.co.kr/mycar/mycar_view.php?no=2141300&gubun=K
1100,기아 K5 2세대,201510,75101,2,1999,5,0,0,1,0,0,1,0,1,0,1,1,3,0,0,0,0,3,25094020,3,15863820,10800000,42,https://www.bobaedream.co.kr/mycar/mycar_view.php?no=2162974&gubun=K
1102,기아 K5 1.6,202010,37946,2,1598,1,1,1,0,0,0,0,0,0,0,0,1,1,0,0,0,0,0,0,0,0,30990000,98,https://www.bobaedream.co.kr/mycar/mycar_view.php?no=2162130&gubun=K
1103,기아 K5 2.0,201009,78813,2,1998,1,0,1,1,1,1,1,0,1,0,1,1,9,1,0,0,0,2,14364680,0,0,3790000,14,https://www.bobaedream.co.kr/mycar/mycar_view.php?no=2136168&gubun=K
1112,기아 K5 3세대,202001,22224,2,1999,1,0,0,1,1,1,1,1,1,1,1,1,0,0,0,0,0,1,862663,0,0,26500000,86,https://www.bobaedream.co.kr/mycar/mycar_view.php?no=2150128&gubun=K
1114,기아 더 뉴,201808,120000,1,1999,5,1,1,1,1,1,1,0,1,0,1,1,3,0,0,0,0,11,15504258,15,20098146,8900000,33,https://www.bobaedream.co.kr/mycar/mycar_view.php?no=2155705&gubun=K
1116,기아 K5 2.0,201009,58000,2,1998,1,1,1,1,1,0,1,0,1,0,1,1,7,0,0,0,0,0,0,1,1288000,3900000,15,https://www.bobaedream.co.kr/mycar/mycar_view.php?no=2159332&gubun=K
1118,기아 K5 2.0,201108,95000,2,1998,1,1,1,0,1,0,1,0,1,0,0,1,3,0,0,0,0,4,5926506,7,3597862,3500000,13,https://www.bobaedream.co.kr/mycar/mycar_view.php?no=2162209&gubun=K
1122,기아 K5 2.0,201201,94314,2,1998,1,1,1,1,0,0,1,0,1,0,0,1,5,0,0,0,0,2,1465260,2,862710,7800000,27,https://www.bobaedream.co.kr/mycar/mycar_view.php?no=2161105&gubun=K
1129,기아 더 뉴,201901,33000,2,1999,0,1,1,1,1,1,1,1,1,1,0,1,1,0,0,0,0,3,3074970,0,0,23400000,79,https://www.bobaedream.co.kr/mycar/mycar_view.php?no=2158955&gubun=K
1131,기아 K5 2.0,201207,102885,2,1999,1,1,1,0,1,1,1,0,1,0,0,1,3,0,0,0,0,1,664700,0,0,8500000,32,https://www.bobaedream.co.kr/mycar/mycar_view.php?no=2157672&gubun=K
1132,기아 더 뉴,201310,86311,2,1999,0,1,1,1,1,0,1,0,1,0,0,1,4,0,0,0,0,2,1603930,5,42064580,6990000,28,https://www.bobaedream.co.kr/mycar/mycar_view.php?no=2155353&gubun=K
1133,기아 K5 2.0,201108,101825,2,1998,1,1,1,1,1,0,1,0,1,0,0,1,2,0,0,0,0,6,16864958,1,318090,6800000,23,https://www.bobaedream.co.kr/mycar/mycar_view.php?no=2157365&gubun=K
1135,기아 더 뉴,201910,54694,1,1999,2,0,0,1,1,1,1,0,1,0,1,1,3,0,0,0,0,3,5441679,1,911768,15990000,65,https://www.bobaedream.co.kr/mycar/mycar_view.php?no=2159651&gubun=K
1136,기아 K5 2.0,201103,75639,2,1998,0,0,0,1,1,0,1,0,1,0,0,1,4,0,0,0,0,3,2586167,6,12146538,5900000,23,https://www.bobaedream.co.kr/mycar/mycar_view.php?no=2161344&gubun=K
1138,기아 K5 2.0,201009,124836,2,1998,1,1,1,1,1,0,1,0,1,0,0,1,0,0,0,0,0,3,5041856,3,5391497,5900000,22,https://www.bobaedream.co.kr/mycar/mycar_view.php?no=2162722&gubun=K
1140,기아 K5 2.0,201007,132239,2,1998,0,0,0,1,0,0,1,0,1,0,1,1,1,0,0,0,0,4,6117458,5,1652700,5090000,22,https://www.bobaedream.co.kr/mycar/mycar_view.php?no=2163199&gubun=K
1142,기아 K5 2.0,201210,90699,2,1999,1,0,0,1,1,0,1,0,1,0,0,1,4,0,0,0,0,5,6285374,2,8667750,6900000,26,https://www.bobaedream.co.kr/mycar/mycar_view.php?no=2163289&gubun=K
1143,기아 K5 2.0,202005,19372,2,1999,4,0,0,1,1,1,1,1,1,1,1,1,1,0,0,0,0,0,0,0,0,23990000,85,https://www.bobaedream.co.kr/mycar/mycar_view.php?no=2163574&gubun=K
1144,기아 더 뉴,201411,112968,2,1999,4,1,1,0,1,0,1,0,1,0,0,1,3,0,0,0,0,6,13061563,4,17912602,6800000,27,https://www.bobaedream.co.kr/mycar/mycar_view.php?no=2156756&gubun=K
1145,기아 K5 2.0,201205,153960,2,1998,0,1,1,1,1,0,1,0,1,0,0,1,7,0,0,0,0,12,10676201,4,2549679,5990000,20,https://www.bobaedream.co.kr/mycar/mycar_view.php?no=2160169&gubun=K
1153,기아 K5 1.6,202007,21837,2,1598,4,0,0,1,1,0,0,0,0,0,1,1,1,0,0,0,0,1,683870,1,839570,25800000,95,https://www.bobaedream.co.kr/mycar/mycar_view.php?no=2159345&gubun=K
1155,기아 더 뉴,201812,40438,2,1591,0,1,0,1,1,1,1,0,1,0,1,1,1,0,0,0,0,1,975800,0,0,22700000,74,https://www.bobaedream.co.kr/mycar/mycar_view.php?no=2152579&gubun=K
1159,제네시스 EQ900 3.8,201803,50180,2,3778,0,0,0,1,1,1,1,1,1,1,1,1,1,0,0,0,0,1,1741388,2,1407060,48990000,54,https://www.bobaedream.co.kr/mycar/mycar_view.php?no=2118876&gubun=K
1160,제네시스 EQ900 5.0,201801,79301,2,5038,0,0,0,1,1,1,1,1,1,1,1,1,1,0,0,0,0,1,402618,0,0,49990000,43,https://www.bobaedream.co.kr/mycar/mycar_view.php?no=2127374&gubun=K
1161,제네시스 EQ900 5.0,201704,82781,2,5038,0,1,0,1,1,1,1,1,1,1,1,1,2,0,0,0,0,5,6503075,1,384948,45990000,39,https://www.bobaedream.co.kr/mycar/mycar_view.php?no=2133381&gubun=K
1162,제네시스 EQ900 5.0,201708,46305,2,5038,0,0,0,1,1,1,1,1,1,1,1,1,2,0,0,0,0,2,2180508,1,328900,49990000,43,https://www.bobaedream.co.kr/mycar/mycar_view.php?no=2136916&gubun=K
1163,제네시스 EQ900 3.8,201706,82094,2,3778,0,0,0,1,1,1,1,0,1,0,1,1,1,0,0,0,0,0,0,0,0,34990000,47,https://www.bobaedream.co.kr/mycar/mycar_view.php?no=2143867&gubun=K
1164,제네시스 EQ900 3.8,201810,95620,2,3778,0,0,0,1,1,1,1,0,1,0,1,1,2,0,0,0,0,1,630549,0,0,38990000,52,https://www.bobaedream.co.kr/mycar/mycar_view.php?no=2143865&gubun=K
1165,제네시스 EQ900 3.8,201810,43602,2,3778,5,0,0,1,1,1,1,1,1,1,1,1,2,0,0,0,0,0,0,0,0,49900000,55,https://www.bobaedream.co.kr/mycar/mycar_view.php?no=2146956&gubun=K
1166,제네시스 EQ900 5.0,201704,95932,2,5038,0,0,0,1,1,1,1,1,1,1,1,1,1,0,0,0,0,1,3336808,0,0,42990000,37,https://www.bobaedream.co.kr/mycar/mycar_view.php?no=2146957&gubun=K
1167,제네시스 EQ900 3.8,201810,86535,2,3778,2,0,0,1,1,1,1,1,1,1,1,1,1,0,0,0,0,1,758793,0,0,45990000,51,https://www.bobaedream.co.kr/mycar/mycar_view.php?no=2147182&gubun=K
1168,제네시스 EQ900 3.8,201703,138631,2,3778,0,1,0,1,1,1,1,1,1,1,1,1,2,0,0,0,0,2,1807120,0,0,39900000,37,https://www.bobaedream.co.kr/mycar/mycar_view.php?no=2149946&gubun=K
1169,제네시스 EQ900 3.8,201712,68007,2,3778,0,1,0,1,1,1,1,1,1,1,1,1,2,0,0,0,0,3,3343253,0,0,48990000,45,https://www.bobaedream.co.kr/mycar/mycar_view.php?no=2150174&gubun=K
1170,제네시스 EQ900 3.3,201801,233222,2,3342,5,0,0,1,1,1,1,1,1,1,1,1,0,0,0,0,0,3,3244741,0,0,32900000,35,https://www.bobaedream.co.kr/mycar/mycar_view.php?no=2151312&gubun=K
1171,제네시스 EQ900 3.8,201608,96789,2,3778,3,0,0,1,1,1,1,0,1,0,1,1,5,0,0,0,0,2,1389470,0,0,32900000,44,https://www.bobaedream.co.kr/mycar/mycar_view.php?no=2154321&gubun=K
1172,제네시스 EQ900 3.3,201605,181088,2,3342,5,0,0,1,1,1,1,1,1,1,1,1,2,0,0,0,0,2,2458682,0,0,33900000,37,https://www.bobaedream.co.kr/mycar/mycar_view.php?no=2156518&gubun=K
1173,제네시스 EQ900 3.8,201805,114541,2,3778,0,0,0,1,1,1,1,1,1,1,1,1,1,0,0,0,0,1,490597,0,0,43990000,41,https://www.bobaedream.co.kr/mycar/mycar_view.php?no=2158249&gubun=K
1174,제네시스 EQ900 3.8,201802,43723,2,3778,0,0,0,1,1,1,1,1,1,1,1,1,1,0,0,0,0,0,0,0,0,52900000,59,https://www.bobaedream.co.kr/mycar/mycar_view.php?no=2158332&gubun=K
1175,제네시스 EQ900 3.8,201801,115893,2,3778,0,0,0,1,1,1,1,1,1,1,1,1,2,0,0,0,0,1,2637368,0,0,38900000,52,https://www.bobaedream.co.kr/mycar/mycar_view.php?no=2160071&gubun=K
1176,제네시스 EQ900 3.8,201712,85586,2,3778,0,0,0,1,1,1,1,1,1,1,1,1,1,0,0,0,0,0,0,0,0,42900000,48,https://www.bobaedream.co.kr/mycar/mycar_view.php?no=2161139&gubun=K
1177,제네시스 EQ900 3.8,201805,96821,2,3778,0,0,0,1,1,1,1,1,1,1,1,1,1,0,0,0,0,1,938130,1,717760,43990000,49,https://www.bobaedream.co.kr/mycar/mycar_view.php?no=2161147&gubun=K
1178,제네시스 EQ900 3.8,201806,111954,2,3778,0,0,0,1,1,1,1,1,1,1,1,1,2,0,0,0,0,0,0,1,1250570,41900000,46,https://www.bobaedream.co.kr/mycar/mycar_view.php?no=2161867&gubun=K
1179,제네시스 EQ900 3.8,201803,50180,2,3778,0,0,0,1,1,1,1,1,1,1,1,1,1,0,0,0,0,1,1741388,2,1407060,48990000,54,https://www.bobaedream.co.kr/mycar/mycar_view.php?no=2118876&gubun=K
1180,제네시스 EQ900 5.0,201801,79301,2,5038,0,0,0,1,1,1,1,1,1,1,1,1,1,0,0,0,0,1,402618,0,0,49990000,43,https://www.bobaedream.co.kr/mycar/mycar_view.php?no=2127374&gubun=K
1181,제네시스 EQ900 5.0,201704,82781,2,5038,0,1,0,1,1,1,1,1,1,1,1,1,2,0,0,0,0,5,6503075,1,384948,45990000,39,https://www.bobaedream.co.kr/mycar/mycar_view.php?no=2133381&gubun=K
1182,제네시스 EQ900 5.0,201708,46305,2,5038,0,0,0,1,1,1,1,1,1,1,1,1,2,0,0,0,0,2,2180508,1,328900,49990000,43,https://www.bobaedream.co.kr/mycar/mycar_view.php?no=2136916&gubun=K
1183,제네시스 EQ900 3.8,201706,82094,2,3778,0,0,0,1,1,1,1,0,1,0,1,1,1,0,0,0,0,0,0,0,0,34990000,47,https://www.bobaedream.co.kr/mycar/mycar_view.php?no=2143867&gubun=K
1184,제네시스 EQ900 3.8,201810,95620,2,3778,0,0,0,1,1,1,1,0,1,0,1,1,2,0,0,0,0,1,630549,0,0,38990000,52,https://www.bobaedream.co.kr/mycar/mycar_view.php?no=2143865&gubun=K
1185,제네시스 EQ900 3.8,201810,43602,2,3778,5,0,0,1,1,1,1,1,1,1,1,1,2,0,0,0,0,0,0,0,0,49900000,55,https://www.bobaedream.co.kr/mycar/mycar_view.php?no=2146956&gubun=K
1186,제네시스 EQ900 5.0,201704,95932,2,5038,0,0,0,1,1,1,1,1,1,1,1,1,1,0,0,0,0,1,3336808,0,0,42990000,37,https://www.bobaedream.co.kr/mycar/mycar_view.php?no=2146957&gubun=K
1187,제네시스 EQ900 3.8,201810,86535,2,3778,2,0,0,1,1,1,1,1,1,1,1,1,1,0,0,0,0,1,758793,0,0,45990000,51,https://www.bobaedream.co.kr/mycar/mycar_view.php?no=2147182&gubun=K
1188,제네시스 EQ900 3.8,201703,138631,2,3778,0,1,0,1,1,1,1,1,1,1,1,1,2,0,0,0,0,2,1807120,0,0,39900000,37,https://www.bobaedream.co.kr/mycar/mycar_view.php?no=2149946&gubun=K
1189,제네시스 EQ900 3.8,201712,68007,2,3778,0,1,0,1,1,1,1,1,1,1,1,1,2,0,0,0,0,3,3343253,0,0,48990000,45,https://www.bobaedream.co.kr/mycar/mycar_view.php?no=2150174&gubun=K
1190,제네시스 EQ900 3.3,201801,233222,2,3342,5,0,0,1,1,1,1,1,1,1,1,1,0,0,0,0,0,3,3244741,0,0,32900000,35,https://www.bobaedream.co.kr/mycar/mycar_view.php?no=2151312&gubun=K
1191,제네시스 EQ900 3.8,201608,96789,2,3778,3,0,0,1,1,1,1,0,1,0,1,1,5,0,0,0,0,2,1389470,0,0,32900000,44,https://www.bobaedream.co.kr/mycar/mycar_view.php?no=2154321&gubun=K
1192,제네시스 EQ900 3.3,201605,181088,2,3342,5,0,0,1,1,1,1,1,1,1,1,1,2,0,0,0,0,2,2458682,0,0,33900000,37,https://www.bobaedream.co.kr/mycar/mycar_view.php?no=2156518&gubun=K
1193,제네시스 EQ900 3.8,201805,114541,2,3778,0,0,0,1,1,1,1,1,1,1,1,1,1,0,0,0,0,1,490597,0,0,43990000,41,https://www.bobaedream.co.kr/mycar/mycar_view.php?no=2158249&gubun=K
1194,제네시스 EQ900 3.8,201802,43723,2,3778,0,0,0,1,1,1,1,1,1,1,1,1,1,0,0,0,0,0,0,0,0,52900000,59,https://www.bobaedream.co.kr/mycar/mycar_view.php?no=2158332&gubun=K
1195,제네시스 EQ900 3.8,201801,115893,2,3778,0,0,0,1,1,1,1,1,1,1,1,1,2,0,0,0,0,1,2637368,0,0,38900000,52,https://www.bobaedream.co.kr/mycar/mycar_view.php?no=2160071&gubun=K
1196,제네시스 EQ900 3.8,201712,85586,2,3778,0,0,0,1,1,1,1,1,1,1,1,1,1,0,0,0,0,0,0,0,0,42900000,48,https://www.bobaedream.co.kr/mycar/mycar_view.php?no=2161139&gubun=K
1197,제네시스 EQ900 3.8,201805,96821,2,3778,0,0,0,1,1,1,1,1,1,1,1,1,1,0,0,0,0,1,938130,1,717760,43990000,49,https://www.bobaedream.co.kr/mycar/mycar_view.php?no=2161147&gubun=K
1198,제네시스 EQ900 3.8,201806,111954,2,3778,0,0,0,1,1,1,1,1,1,1,1,1,2,0,0,0,0,0,0,1,1250570,41900000,46,https://www.bobaedream.co.kr/mycar/mycar_view.php?no=2161867&gubun=K
1199,현대 YF쏘나타 2.0,201011,85000,2,1998,2,0,0,1,1,0,1,0,1,0,0,1,1,0,0,0,0,1,773740,1,428798,5900000,24,https://www.bobaedream.co.kr/mycar/mycar_view.php?no=2163285&gubun=K
1200,현대 쏘나타 1.6,202010,8675,2,1598,1,0,0,0,0,0,0,0,0,0,1,1,1,0,0,0,0,0,0,0,0,26500000,97,https://www.bobaedream.co.kr/mycar/mycar_view.php?no=2162732&gubun=K
1201,현대 LF쏘나타 2.0,201409,332907,1,1999,3,0,0,1,0,0,1,0,1,0,0,1,1,0,0,0,0,0,0,0,0,4650000,20,https://www.bobaedream.co.kr/mycar/mycar_view.php?no=2152935&gubun=K
1203,현대 YF쏘나타 ,201210,91040,2,1999,5,0,0,1,1,0,1,0,1,0,1,1,3,0,0,0,0,5,5163229,1,411370,6900000,24,https://www.bobaedream.co.kr/mycar/mycar_view.php?no=2161419&gubun=K
1205,현대 쏘나타 뉴,201705,154292,1,1999,1,0,0,0,0,0,1,0,1,0,0,1,3,0,0,0,0,1,657470,0,0,10990000,48,https://www.bobaedream.co.kr/mycar/mycar_view.php?no=2154650&gubun=K
1206,현대 쏘나타 뉴,201804,153908,1,1999,1,0,0,1,0,0,1,0,1,0,1,1,1,0,0,0,0,2,2396178,0,0,11990000,53,https://www.bobaedream.co.kr/mycar/mycar_view.php?no=2155257&gubun=K
1207,현대 쏘나타 뉴,201901,99202,1,1999,1,0,0,0,0,0,1,0,1,0,0,1,1,0,0,0,0,0,0,2,0,11990000,53,https://www.bobaedream.co.kr/mycar/mycar_view.php?no=2157036&gubun=K
1208,현대 쏘나타 뉴,201704,140261,1,1999,1,0,0,0,0,0,1,0,1,0,0,1,1,0,0,0,0,0,0,0,0,10990000,48,https://www.bobaedream.co.kr/mycar/mycar_view.php?no=2158469&gubun=K
1209,현대 쏘나타 뉴,201705,154190,1,1999,1,0,0,0,0,0,1,0,1,0,0,1,2,0,0,0,0,0,0,0,0,10990000,48,https://www.bobaedream.co.kr/mycar/mycar_view.php?no=2158670&gubun=K
1211,현대 쏘나타 뉴,201705,147190,1,1999,1,0,0,0,0,0,1,0,1,0,0,1,2,0,0,0,0,2,1284577,0,0,10990000,48,https://www.bobaedream.co.kr/mycar/mycar_view.php?no=2159693&gubun=K
1212,현대 쏘나타 뉴,201705,206047,1,1999,3,0,0,1,1,0,1,0,1,0,1,1,2,0,0,0,0,0,0,0,0,11990000,53,https://www.bobaedream.co.kr/mycar/mycar_view.php?no=2160051&gubun=K
1214,현대 쏘나타 뉴,201711,144643,1,1999,1,0,0,1,0,0,1,0,1,0,1,1,2,0,0,0,0,2,1358788,0,0,11690000,51,https://www.bobaedream.co.kr/mycar/mycar_view.php?no=2162382&gubun=K
1215,현대 LF쏘나타 2.0,201407,195074,2,1999,0,0,0,1,0,0,1,0,1,0,1,1,6,0,0,0,0,0,0,1,1175430,6990000,27,https://www.bobaedream.co.kr/mycar/mycar_view.php?no=2161592&gubun=K
1218,현대 YF쏘나타 2.0,200909,142862,2,1998,3,1,1,0,1,0,1,0,1,0,0,1,1,0,0,0,0,4,11072360,2,2819930,3500000,14,https://www.bobaedream.co.kr/mycar/mycar_view.php?no=2158429&gubun=K
1219,현대 YF쏘나타 2.0,201011,85000,2,1998,2,0,0,1,1,0,1,0,1,0,0,1,1,0,0,0,0,1,773740,1,428798,5900000,24,https://www.bobaedream.co.kr/mycar/mycar_view.php?no=2163285&gubun=K
1220,현대 쏘나타 1.6,202010,8675,2,1598,1,0,0,0,0,0,0,0,0,0,1,1,1,0,0,0,0,0,0,0,0,26500000,97,https://www.bobaedream.co.kr/mycar/mycar_view.php?no=2162732&gubun=K
1221,현대 LF쏘나타 2.0,201409,332907,1,1999,3,0,0,1,0,0,1,0,1,0,0,1,1,0,0,0,0,0,0,0,0,4650000,20,https://www.bobaedream.co.kr/mycar/mycar_view.php?no=2152935&gubun=K
1223,현대 YF쏘나타 ,201210,91040,2,1999,5,0,0,1,1,0,1,0,1,0,1,1,3,0,0,0,0,5,5163229,1,411370,6900000,24,https://www.bobaedream.co.kr/mycar/mycar_view.php?no=2161419&gubun=K
1225,현대 쏘나타 뉴,201705,154292,1,1999,1,0,0,0,0,0,1,0,1,0,0,1,3,0,0,0,0,1,657470,0,0,10990000,48,https://www.bobaedream.co.kr/mycar/mycar_view.php?no=2154650&gubun=K
1226,현대 쏘나타 뉴,201804,153908,1,1999,1,0,0,1,0,0,1,0,1,0,1,1,1,0,0,0,0,2,2396178,0,0,11990000,53,https://www.bobaedream.co.kr/mycar/mycar_view.php?no=2155257&gubun=K
1227,현대 쏘나타 뉴,201901,99202,1,1999,1,0,0,0,0,0,1,0,1,0,0,1,1,0,0,0,0,0,0,2,0,11990000,53,https://www.bobaedream.co.kr/mycar/mycar_view.php?no=2157036&gubun=K
1228,현대 쏘나타 뉴,201704,140261,1,1999,1,0,0,0,0,0,1,0,1,0,0,1,1,0,0,0,0,0,0,0,0,10990000,48,https://www.bobaedream.co.kr/mycar/mycar_view.php?no=2158469&gubun=K
1229,현대 쏘나타 뉴,201705,154190,1,1999,1,0,0,0,0,0,1,0,1,0,0,1,2,0,0,0,0,0,0,0,0,10990000,48,https://www.bobaedream.co.kr/mycar/mycar_view.php?no=2158670&gubun=K
1231,현대 쏘나타 뉴,201705,147190,1,1999,1,0,0,0,0,0,1,0,1,0,0,1,2,0,0,0,0,2,1284577,0,0,10990000,48,https://www.bobaedream.co.kr/mycar/mycar_view.php?no=2159693&gubun=K
1232,현대 쏘나타 뉴,201705,206047,1,1999,3,0,0,1,1,0,1,0,1,0,1,1,2,0,0,0,0,0,0,0,0,11990000,53,https://www.bobaedream.co.kr/mycar/mycar_view.php?no=2160051&gubun=K
1234,현대 쏘나타 뉴,201711,144643,1,1999,1,0,0,1,0,0,1,0,1,0,1,1,2,0,0,0,0,2,1358788,0,0,11690000,51,https://www.bobaedream.co.kr/mycar/mycar_view.php?no=2162382&gubun=K
1235,현대 LF쏘나타 2.0,201407,195074,2,1999,0,0,0,1,0,0,1,0,1,0,1,1,6,0,0,0,0,0,0,1,1175430,6990000,27,https://www.bobaedream.co.kr/mycar/mycar_view.php?no=2161592&gubun=K
1238,현대 YF쏘나타 2.0,200909,142862,2,1998,3,1,1,0,1,0,1,0,1,0,0,1,1,0,0,0,0,4,11072360,2,2819930,3500000,14,https://www.bobaedream.co.kr/mycar/mycar_view.php?no=2158429&gubun=K
1243,현대 쏘나타 ,201905,49000,1,1999,5,0,0,1,1,1,1,1,1,0,1,1,2,0,0,0,0,3,2856205,2,2830693,18300000,74,https://www.bobaedream.co.kr/mycar/mycar_view.php?no=2100441&gubun=K
1246,현대 YF쏘나타 2.0,201007,151775,2,1998,0,0,0,0,0,0,0,0,0,0,0,1,4,0,0,0,0,3,2312365,2,7036300,2700000,10,https://www.bobaedream.co.kr/mycar/mycar_view.php?no=2123096&gubun=K
1247,현대 NF쏘나타 트랜스폼,200804,108317,2,1998,0,0,0,1,0,0,1,0,0,0,0,1,1,0,0,0,0,2,1110093,1,1045800,3500000,18,https://www.bobaedream.co.kr/mycar/mycar_view.php?no=2160031&gubun=K
1249,현대 LF쏘나타 1.7,201507,53108,0,1685,1,1,1,0,1,0,1,0,1,0,0,1,0,0,0,0,0,2,4806280,1,487240,12800000,46,https://www.bobaedream.co.kr/mycar/mycar_view.php?no=2163681&gubun=K
1252,현대 YF쏘나타 2.0,201103,139331,2,1998,1,0,0,1,0,0,1,0,1,0,1,1,7,0,0,0,0,5,2665960,1,491520,5000000,21,https://www.bobaedream.co.kr/mycar/mycar_view.php?no=2144802&gubun=K
1253,현대 LF쏘나타 2.0,201512,93000,2,1999,0,0,0,1,1,1,1,0,1,0,1,1,3,0,0,0,0,1,452213,0,0,11200000,44,https://www.bobaedream.co.kr/mycar/mycar_view.php?no=2163048&gubun=K
1254,현대 LF쏘나타 2.0,201410,105000,2,1999,1,1,1,1,1,0,1,0,1,0,1,1,2,0,0,0,0,3,1622797,0,0,12100000,47,https://www.bobaedream.co.kr/mycar/mycar_view.php?no=2163049&gubun=K
1257,현대 NF쏘나타 트랜스폼,200809,107593,2,1998,0,0,0,1,0,0,1,0,1,0,0,1,8,0,0,0,0,3,2780906,4,4306301,3200000,13,https://www.bobaedream.co.kr/mycar/mycar_view.php?no=2154429&gubun=K
1258,현대 쏘나타 뉴,201811,135995,1,1999,3,0,0,1,0,0,1,0,0,0,0,1,1,0,0,0,0,1,981752,0,0,8600000,38,https://www.bobaedream.co.kr/mycar/mycar_view.php?no=2161567&gubun=K
1264,현대 쏘나타 2.0,201905,56752,2,1999,5,0,0,1,1,0,1,0,1,0,1,1,0,0,0,0,0,3,6535028,1,971220,18990000,72,https://www.bobaedream.co.kr/mycar/mycar_view.php?no=2163202&gubun=K
1265,현대 쏘나타 뉴,201811,44190,1,1999,3,0,0,1,0,0,1,0,1,0,1,1,3,0,0,0,0,2,7983420,6,9353430,12990000,57,https://www.bobaedream.co.kr/mycar/mycar_view.php?no=2163419&gubun=K
1266,현대 쏘나타 2.0,202002,32877,1,1999,1,0,0,1,0,0,1,0,1,0,1,1,1,0,0,0,0,1,5700330,2,7311910,17500000,71,https://www.bobaedream.co.kr/mycar/mycar_view.php?no=2163692&gubun=K
1268,현대 YF쏘나타 2.0,201003,109660,2,1998,1,1,1,0,1,0,1,0,1,0,0,1,7,0,0,0,0,1,312700,1,400000,2690000,10,https://www.bobaedream.co.kr/mycar/mycar_view.php?no=2136184&gubun=K
1270,현대 LF쏘나타 2.0,201506,36447,2,1999,1,0,0,1,1,1,1,0,1,0,0,1,2,0,0,0,0,1,295542,0,0,15500000,60,https://www.bobaedream.co.kr/mycar/mycar_view.php?no=2152540&gubun=K
1271,현대 LF쏘나타 2.0,201404,75888,2,1999,3,0,0,1,1,1,1,0,1,0,1,1,2,0,0,0,0,1,612918,0,0,13500000,53,https://www.bobaedream.co.kr/mycar/mycar_view.php?no=2157863&gubun=K
1272,현대 쏘나타 뉴,201804,146583,2,1999,2,0,0,0,0,0,0,0,1,0,1,1,2,0,0,0,0,1,2400500,0,0,11500000,50,https://www.bobaedream.co.kr/mycar/mycar_view.php?no=2162222&gubun=K
1274,현대 쏘나타 뉴,201703,103770,2,1999,2,1,0,1,1,1,1,0,1,0,1,1,2,0,0,0,0,7,18207274,1,634520,12500000,45,https://www.bobaedream.co.kr/mycar/mycar_view.php?no=2140662&gubun=K
1275,현대 YF쏘나타 2.0,201105,170094,2,1998,0,0,0,1,0,0,1,0,1,0,1,1,3,0,0,0,0,0,0,6,4140710,3990000,16,https://www.bobaedream.co.kr/mycar/mycar_view.php?no=2150251&gubun=K
1277,현대 LF쏘나타 2.0,201405,47000,2,1999,1,1,1,0,1,1,1,1,1,0,0,1,7,1,0,0,0,2,23942620,3,8190830,8500000,29,https://www.bobaedream.co.kr/mycar/mycar_view.php?no=2155313&gubun=K
1279,현대 쏘나타 뉴,201709,56000,2,1591,1,0,1,1,0,0,1,0,1,0,1,1,1,0,0,0,0,4,7712373,1,684399,12900000,45,https://www.bobaedream.co.kr/mycar/mycar_view.php?no=2159330&gubun=K
1280,현대 쏘나타 1.6,201911,42527,2,1598,1,0,0,1,0,1,1,0,1,0,1,1,0,0,0,0,0,3,2091639,0,0,22800000,79,https://www.bobaedream.co.kr/mycar/mycar_view.php?no=2161247&gubun=K
1281,현대 쏘나타 2.0,201906,88366,1,1999,2,0,0,1,0,0,0,0,0,0,0,1,3,0,0,0,0,1,586840,0,0,16800000,78,https://www.bobaedream.co.kr/mycar/mycar_view.php?no=2163029&gubun=K
1290,현대 쏘나타 뉴,201704,43111,0,1685,4,0,0,1,1,0,1,0,1,0,1,1,4,0,0,0,0,2,4922778,2,2049903,12990000,47,https://www.bobaedream.co.kr/mycar/mycar_view.php?no=2156376&gubun=K
1291,현대 쏘나타 뉴,201711,86755,1,1999,1,0,0,1,0,0,1,0,1,0,1,1,3,0,0,0,0,1,4395730,0,0,13300000,58,https://www.bobaedream.co.kr/mycar/mycar_view.php?no=2157369&gubun=K
1293,현대 LF쏘나타 2.0,201504,128808,2,1999,0,0,0,1,0,0,1,0,1,0,1,1,4,0,0,0,0,2,1378968,4,12193599,8990000,35,https://www.bobaedream.co.kr/mycar/mycar_view.php?no=2159981&gubun=K
1294,현대 쏘나타 뉴,201803,33250,2,1999,4,0,0,1,0,0,1,0,1,0,1,1,2,1,0,0,0,2,750000,3,1288951,12990000,57,https://www.bobaedream.co.kr/mycar/mycar_view.php?no=2160681&gubun=K
1295,현대 쏘나타 뉴,201712,117139,1,1999,1,0,0,1,0,0,1,0,1,0,0,1,2,0,0,0,0,1,4186381,0,0,8990000,39,https://www.bobaedream.co.kr/mycar/mycar_view.php?no=2161311&gubun=K
1296,현대 쏘나타 뉴,201801,34543,2,1999,1,0,0,1,0,0,1,0,1,0,1,1,1,0,0,0,0,2,8033968,1,1471840,14600000,57,https://www.bobaedream.co.kr/mycar/mycar_view.php?no=2162557&gubun=K
1297,현대 LF쏘나타 2.0,201501,88803,2,1999,2,0,0,0,1,1,1,1,1,0,1,1,2,0,0,0,0,6,18741168,3,3475340,7800000,30,https://www.bobaedream.co.kr/mycar/mycar_view.php?no=2162558&gubun=K
1298,현대 LF쏘나타 2.0,201410,93881,2,1999,0,0,0,1,0,0,1,0,1,0,0,1,3,0,0,0,0,1,7473428,0,0,9300000,36,https://www.bobaedream.co.kr/mycar/mycar_view.php?no=2161997&gubun=K
1309,현대 YF쏘나타 2.0,201010,130000,2,1998,1,0,0,1,0,0,1,0,1,0,0,1,3,0,0,0,0,2,1632724,2,11136330,4200000,20,https://www.bobaedream.co.kr/mycar/mycar_view.php?no=2160438&gubun=K
1310,현대 YF쏘나타 2.0,201002,119000,2,1998,2,1,1,1,1,0,1,0,1,0,1,1,3,0,0,0,0,5,5379094,7,4980393,4500000,18,https://www.bobaedream.co.kr/mycar/mycar_view.php?no=2161122&gubun=K
1319,현대 YF쏘나타 2.0,201001,101114,2,1998,0,1,0,1,0,0,1,0,1,0,1,1,7,0,0,0,0,3,4505514,2,1535120,2800000,11,https://www.bobaedream.co.kr/mycar/mycar_view.php?no=2162475&gubun=K
1321,현대 쏘나타 2.0,201905,47633,2,1999,1,1,0,1,1,0,1,0,1,0,0,1,1,0,0,0,0,1,1109910,0,0,23500000,89,https://www.bobaedream.co.kr/mycar/mycar_view.php?no=2152277&gubun=K
1323,현대 쏘나타 1.6,202103,3482,2,1598,4,1,0,1,1,1,1,0,1,0,1,1,1,0,0,0,0,1,1259560,0,0,26200000,88,https://www.bobaedream.co.kr/mycar/mycar_view.php?no=2155014&gubun=K
1339,현대 제네시스 DH,201602,87127,2,3342,5,0,0,1,1,1,1,0,1,0,1,1,0,0,0,0,0,2,1227493,0,0,22990000,42,https://www.bobaedream.co.kr/mycar/mycar_view.php?no=2147855&gubun=K
1340,현대 제네시스 DH,201506,133721,2,3342,1,1,1,1,1,1,1,0,1,0,1,1,2,0,0,0,0,0,0,0,0,22990000,49,https://www.bobaedream.co.kr/mycar/mycar_view.php?no=2162521&gubun=K
1341,현대 제네시스 DH,201405,209937,2,3342,0,0,0,1,1,1,1,0,1,0,1,1,4,1,0,0,0,10,25687990,6,4051421,10990000,20,https://www.bobaedream.co.kr/mycar/mycar_view.php?no=2161589&gubun=K
1342,현대 제네시스 DH,201512,138001,2,3342,0,0,0,1,1,1,1,0,1,0,1,1,3,0,0,0,0,0,0,0,0,16990000,36,https://www.bobaedream.co.kr/mycar/mycar_view.php?no=2162515&gubun=K
1343,현대 제네시스 쿠페,200811,162096,2,1998,1,0,0,0,0,0,1,0,0,0,0,1,1,0,0,0,0,6,7294210,4,3006120,5400000,20,https://www.bobaedream.co.kr/mycar/mycar_view.php?no=2163242&gubun=K
1345,현대 제네시스 BH330,200804,158000,2,3342,0,1,0,0,1,0,1,0,1,0,0,1,1,0,0,0,0,3,1277660,2,1186230,5700000,11,https://www.bobaedream.co.kr/mycar/mycar_view.php?no=2163374&gubun=K
1346,현대 제네시스 DH,201408,59000,2,3342,0,1,1,1,1,1,1,0,1,0,1,1,1,0,0,0,0,1,586870,0,0,23000000,47,https://www.bobaedream.co.kr/mycar/mycar_view.php?no=2126210&gubun=K
1347,현대 제네시스 DH,201502,75018,2,3778,4,1,0,1,1,1,1,1,1,1,1,1,4,0,0,0,0,6,14851783,2,10506116,21490000,37,https://www.bobaedream.co.kr/mycar/mycar_view.php?no=2163702&gubun=K
1349,현대 제네시스 BH380,200909,133570,2,3778,4,1,0,1,1,1,1,0,1,0,1,1,3,0,0,0,0,2,697550,1,120000,6900000,14,https://www.bobaedream.co.kr/mycar/mycar_view.php?no=2160809&gubun=K
1350,현대 제네시스 BH330,200811,139000,2,3342,3,1,0,1,1,0,1,0,1,0,1,1,3,0,0,0,0,3,3964790,0,0,4990000,12,https://www.bobaedream.co.kr/mycar/mycar_view.php?no=2158678&gubun=K
1353,현대 제네시스 BH380,201006,118726,2,3778,0,1,0,1,0,0,1,0,1,0,0,1,1,0,0,0,0,7,6674066,2,965488,6500000,13,https://www.bobaedream.co.kr/mycar/mycar_view.php?no=2163598&gubun=K
1354,현대 제네시스 쿠페,201108,108722,2,1998,2,1,0,1,0,0,1,0,0,0,1,1,6,0,0,0,0,1,405350,1,375400,5490000,20,https://www.bobaedream.co.kr/mycar/mycar_view.php?no=2153622&gubun=K
1358,현대 제네시스 DH,201401,154770,2,3342,0,1,1,0,1,1,1,0,1,0,1,1,8,0,0,0,0,9,16780752,7,17672100,15500000,29,https://www.bobaedream.co.kr/mycar/mycar_view.php?no=2162948&gubun=K
1359,현대 제네시스 DH,201602,87127,2,3342,5,0,0,1,1,1,1,0,1,0,1,1,0,0,0,0,0,2,1227493,0,0,22990000,42,https://www.bobaedream.co.kr/mycar/mycar_view.php?no=2147855&gubun=K
1360,현대 제네시스 DH,201506,133721,2,3342,1,1,1,1,1,1,1,0,1,0,1,1,2,0,0,0,0,0,0,0,0,22990000,49,https://www.bobaedream.co.kr/mycar/mycar_view.php?no=2162521&gubun=K
1361,현대 제네시스 DH,201405,209937,2,3342,0,0,0,1,1,1,1,0,1,0,1,1,4,1,0,0,0,10,25687990,6,4051421,10990000,20,https://www.bobaedream.co.kr/mycar/mycar_view.php?no=2161589&gubun=K
1362,현대 제네시스 DH,201512,138001,2,3342,0,0,0,1,1,1,1,0,1,0,1,1,3,0,0,0,0,0,0,0,0,16990000,36,https://www.bobaedream.co.kr/mycar/mycar_view.php?no=2162515&gubun=K
1363,현대 제네시스 쿠페,200811,162096,2,1998,1,0,0,0,0,0,1,0,0,0,0,1,1,0,0,0,0,6,7294210,4,3006120,5400000,20,https://www.bobaedream.co.kr/mycar/mycar_view.php?no=2163242&gubun=K
1365,현대 제네시스 BH330,200804,158000,2,3342,0,1,0,0,1,0,1,0,1,0,0,1,1,0,0,0,0,3,1277660,2,1186230,5700000,11,https://www.bobaedream.co.kr/mycar/mycar_view.php?no=2163374&gubun=K
1366,현대 제네시스 DH,201408,59000,2,3342,0,1,1,1,1,1,1,0,1,0,1,1,1,0,0,0,0,1,586870,0,0,23000000,47,https://www.bobaedream.co.kr/mycar/mycar_view.php?no=2126210&gubun=K
1367,현대 제네시스 DH,201502,75018,2,3778,4,1,0,1,1,1,1,1,1,1,1,1,4,0,0,0,0,6,14851783,2,10506116,21490000,37,https://www.bobaedream.co.kr/mycar/mycar_view.php?no=2163702&gubun=K
1369,현대 제네시스 BH380,200909,133570,2,3778,4,1,0,1,1,1,1,0,1,0,1,1,3,0,0,0,0,2,697550,1,120000,6900000,14,https://www.bobaedream.co.kr/mycar/mycar_view.php?no=2160809&gubun=K
1370,현대 제네시스 BH330,200811,139000,2,3342,3,1,0,1,1,0,1,0,1,0,1,1,3,0,0,0,0,3,3964790,0,0,4990000,12,https://www.bobaedream.co.kr/mycar/mycar_view.php?no=2158678&gubun=K
1373,현대 제네시스 BH380,201006,118726,2,3778,0,1,0,1,0,0,1,0,1,0,0,1,1,0,0,0,0,7,6674066,2,965488,6500000,13,https://www.bobaedream.co.kr/mycar/mycar_view.php?no=2163598&gubun=K
1374,현대 제네시스 쿠페,201108,108722,2,1998,2,1,0,1,0,0,1,0,0,0,1,1,6,0,0,0,0,1,405350,1,375400,5490000,20,https://www.bobaedream.co.kr/mycar/mycar_view.php?no=2153622&gubun=K
1378,현대 제네시스 DH,201401,154770,2,3342,0,1,1,0,1,1,1,0,1,0,1,1,8,0,0,0,0,9,16780752,7,17672100,15500000,29,https://www.bobaedream.co.kr/mycar/mycar_view.php?no=2162948&gubun=K
1379,현대 더 뉴,201203,172157,2,1998,1,1,0,1,0,1,1,0,1,0,0,1,5,0,0,0,0,1,759260,0,0,11500000,38,https://www.bobaedream.co.kr/mycar/mycar_view.php?no=2161123&gubun=K
1381,현대 제네시스 DH,201403,160593,2,3342,5,0,0,1,1,0,1,0,1,0,1,1,4,0,0,0,0,2,598920,0,0,14500000,31,https://www.bobaedream.co.kr/mycar/mycar_view.php?no=2162825&gubun=K
1382,현대 제네시스 DH,201506,125000,2,3342,1,1,1,1,1,1,1,0,1,0,1,1,5,0,0,0,0,2,23019248,1,754000,18500000,34,https://www.bobaedream.co.kr/mycar/mycar_view.php?no=2136444&gubun=K
1383,현대 제네시스 쿠페,201008,162000,2,3778,1,1,0,0,0,0,1,0,0,0,0,1,4,0,0,0,0,2,1912266,0,0,5990000,17,https://www.bobaedream.co.kr/mycar/mycar_view.php?no=2156837&gubun=K
1384,현대 제네시스 GP500,201107,178000,2,5038,5,1,0,1,1,1,1,1,0,0,1,1,6,0,0,0,0,5,5455271,0,0,17000000,21,https://www.bobaedream.co.kr/mycar/mycar_view.php?no=2163144&gubun=K
1385,현대 제네시스 DH,201401,94075,2,3778,4,0,0,1,1,1,1,1,1,1,1,1,2,0,0,0,0,0,0,0,0,20800000,32,https://www.bobaedream.co.kr/mycar/mycar_view.php?no=2149110&gubun=K
1393,현대 제네시스 BH330,201207,112000,2,3342,0,0,0,1,1,1,1,0,1,0,1,1,1,0,0,0,0,4,12400184,1,2479830,7200000,14,https://www.bobaedream.co.kr/mycar/mycar_view.php?no=2161053&gubun=K
1394,현대 제네시스 BH380,201203,95000,2,3778,1,1,0,1,1,1,1,0,1,0,1,1,8,1,0,0,0,4,61989960,2,3904543,7500000,13,https://www.bobaedream.co.kr/mycar/mycar_view.php?no=2163246&gubun=K
1412,현대 제네시스 DH,201608,90247,2,3342,0,0,0,1,1,0,1,0,1,0,1,1,1,0,0,0,0,4,6400856,1,1166198,17490000,37,https://www.bobaedream.co.kr/mycar/mycar_view.php?no=2160333&gubun=K
1413,현대 제네시스 DH,201411,151841,2,3342,0,0,0,1,1,1,1,0,1,0,1,1,1,0,0,0,0,4,3650724,0,0,15400000,33,https://www.bobaedream.co.kr/mycar/mycar_view.php?no=2162597&gubun=K
1414,현대 제네시스 쿠페,200902,97002,2,1998,0,1,0,1,0,0,0,0,1,0,0,1,3,0,0,0,0,5,4418948,1,673680,5200000,19,https://www.bobaedream.co.kr/mycar/mycar_view.php?no=2162958&gubun=K
1417,현대 제네시스 DH,201601,119000,2,3342,0,1,1,0,0,0,0,0,0,0,0,1,1,0,0,0,0,4,3816814,1,933060,18600000,40,https://www.bobaedream.co.kr/mycar/mycar_view.php?no=2160441&gubun=K
1418,현대 제네시스 쿠페,200912,160425,2,1998,1,0,0,1,0,0,1,0,1,0,1,1,1,0,0,0,0,2,1401678,2,1537898,5300000,20,https://www.bobaedream.co.kr/mycar/mycar_view.php?no=2156801&gubun=K
1419,현대 제네시스 DH,201401,129849,2,3778,2,1,1,1,1,1,1,0,1,1,1,1,1,0,0,0,0,4,31392967,3,41539742,18900000,32,https://www.bobaedream.co.kr/mycar/mycar_view.php?no=2160159&gubun=K
1430,현대 제네시스 쿠페,201001,160241,2,1998,2,1,0,0,0,0,1,0,1,0,0,1,2,0,0,0,0,6,3623852,1,646185,6700000,25,https://www.bobaedream.co.kr/mycar/mycar_view.php?no=2159958&gubun=K
1459,현대 팰리세이드 3.8,202012,7141,2,3778,5,0,0,1,1,1,1,1,1,1,1,1,1,1,0,0,0,2,1561150,2,2162921,36900000,79,https://www.bobaedream.co.kr/mycar/mycar_view.php?no=2159079&gubun=K
1463,현대 팰리세이드 3.8,202007,31130,2,3778,1,1,1,0,0,0,0,0,0,0,0,1,0,0,0,0,0,0,0,0,0,43190000,93,https://www.bobaedream.co.kr/mycar/mycar_view.php?no=2150611&gubun=K
1464,현대 팰리세이드 2.2,202001,38163,0,2199,1,1,1,0,0,0,0,0,0,0,0,1,1,0,0,0,0,1,615569,2,3572498,39990000,90,https://www.bobaedream.co.kr/mycar/mycar_view.php?no=2161667&gubun=K
1468,현대 팰리세이드 3.8,202004,13400,0,3778,5,1,0,1,1,1,1,1,1,1,1,1,0,0,0,0,0,0,0,1,412580,41300000,96,https://www.bobaedream.co.kr/mycar/mycar_view.php?no=2158330&gubun=K
1469,현대 팰리세이드 3.8,201903,112746,2,3778,5,1,1,1,0,1,1,1,1,1,1,1,1,0,0,0,0,0,0,0,0,30800000,76,https://www.bobaedream.co.kr/mycar/mycar_view.php?no=2161064&gubun=K
1470,현대 팰리세이드 2.2,202004,26500,0,2199,1,0,1,1,1,1,1,1,1,1,1,1,0,0,0,0,0,0,0,0,0,41300000,93,https://www.bobaedream.co.kr/mycar/mycar_view.php?no=2159490&gubun=K
1472,현대 팰리세이드 2.2,201905,37185,0,2199,2,0,0,1,1,1,1,0,1,0,1,1,1,1,0,0,0,1,29840000,1,5830000,38400000,87,https://www.bobaedream.co.kr/mycar/mycar_view.php?no=2159276&gubun=K
1479,현대 팰리세이드 3.8,202012,7141,2,3778,5,0,0,1,1,1,1,1,1,1,1,1,1,1,0,0,0,2,1561150,2,2162921,36900000,79,https://www.bobaedream.co.kr/mycar/mycar_view.php?no=2159079&gubun=K
1483,현대 팰리세이드 3.8,202007,31130,2,3778,1,1,1,0,0,0,0,0,0,0,0,1,0,0,0,0,0,0,0,0,0,43190000,93,https://www.bobaedream.co.kr/mycar/mycar_view.php?no=2150611&gubun=K
1484,현대 팰리세이드 2.2,202001,38163,0,2199,1,1,1,0,0,0,0,0,0,0,0,1,1,0,0,0,0,1,615569,2,3572498,39990000,90,https://www.bobaedream.co.kr/mycar/mycar_view.php?no=2161667&gubun=K
1488,현대 팰리세이드 3.8,202004,13400,0,3778,5,1,0,1,1,1,1,1,1,1,1,1,0,0,0,0,0,0,0,1,412580,41300000,96,https://www.bobaedream.co.kr/mycar/mycar_view.php?no=2158330&gubun=K
1489,현대 팰리세이드 3.8,201903,112746,2,3778,5,1,1,1,0,1,1,1,1,1,1,1,1,0,0,0,0,0,0,0,0,30800000,76,https://www.bobaedream.co.kr/mycar/mycar_view.php?no=2161064&gubun=K
1490,현대 팰리세이드 2.2,202004,26500,0,2199,1,0,1,1,1,1,1,1,1,1,1,1,0,0,0,0,0,0,0,0,0,41300000,93,https://www.bobaedream.co.kr/mycar/mycar_view.php?no=2159490&gubun=K
1492,현대 팰리세이드 2.2,201905,37185,0,2199,2,0,0,1,1,1,1,0,1,0,1,1,1,1,0,0,0,1,29840000,1,5830000,38400000,87,https://www.bobaedream.co.kr/mycar/mycar_view.php?no=2159276&gubun=K
